temperature,latitude,longitude,nh3,no2,mq131,mq7,pm25,pm10,aqi,humidity,timestamp
30.30,18.519400,73.853233,0.00,0.00,0.00,0.00,0.17,32.65,32.65,43.43,1734927340612.0
26.60,0.0,0.0,0.00,0.62,0.04,0.30,174.54,235.01,235.01,71.10,1734865173193.0
26.60,0.0,0.0,0.00,0.65,0.05,0.29,172.39,232.08,232.08,70.70,1734865168293.0
26.60,0.0,0.0,0.00,0.59,0.03,0.28,169.84,228.91,228.91,70.00,1734865163070.0
26.60,0.0,0.0,0.00,0.65,0.03,0.27,169.94,228.97,228.97,68.80,1734865158043.0
26.60,0.0,0.0,0.00,0.65,0.02,0.26,0.00,0.00,0.65,68.90,1734865153977.0
26.60,0.0,0.0,0.00,0.75,0.04,0.26,163.10,219.88,219.88,68.60,1734865148008.0
26.60,0.0,0.0,0.00,0.73,0.03,0.29,163.20,220.00,220,69.20,1734865142838.0
26.60,0.0,0.0,0.00,0.70,0.05,0.28,162.81,219.47,219.47,69.50,1734865137745.0
26.60,0.0,0.0,0.00,0.73,0.03,0.27,161.83,218.18,218.18,69.80,1734865132698.0
26.50,0.0,0.0,0.00,0.78,0.03,0.26,162.41,218.83,218.83,69.80,1734865127731.0
26.50,0.0,0.0,0.00,0.70,0.03,0.24,161.88,218.06,218.06,69.50,1734865122592.0
26.50,0.0,0.0,0.00,0.81,0.04,0.26,160.90,216.77,216.77,68.60,1734865118320.0
26.50,0.0,0.0,0.00,0.84,0.02,0.22,161.19,217.13,217.13,68.20,1734865115444.0
25.90,0.0,0.0,0.00,0.48,0.04,0.11,0.00,0.00,0.48,66.60,1734864670025.0
25.90,0.0,0.0,0.00,0.55,0.06,0.13,0.00,0.00,0.55,66.60,1734864665091.0
25.90,0.0,0.0,0.00,0.57,0.06,0.13,17.84,34.37,34.37,66.60,1734864658871.0
25.90,0.0,0.0,0.00,0.57,0.06,0.13,0.00,0.00,0.57,66.60,1734864654843.0
25.90,0.0,0.0,0.00,0.57,0.06,0.13,17.79,34.60,34.6,66.60,1734864648926.0
25.90,0.0,0.0,0.00,0.50,0.05,0.13,0.00,0.00,0.5,66.60,1734864644685.0
25.90,0.0,0.0,0.00,0.59,0.06,0.14,0.00,0.00,0.59,66.60,1734864639588.0
25.90,0.0,0.0,0.00,0.50,0.04,0.12,0.00,0.00,0.5,66.50,1734864634568.0
25.90,0.0,0.0,0.00,0.57,0.06,0.13,0.00,0.00,0.57,66.50,1734864629452.0
25.90,0.0,0.0,0.00,0.57,0.05,0.13,16.86,32.20,32.2,66.50,1734864623362.0
25.90,0.0,0.0,0.00,0.50,0.05,0.13,0.00,0.00,0.5,66.50,1734864619414.0
25.90,0.0,0.0,0.00,0.55,0.04,0.12,16.76,32.26,32.26,66.40,1734864613236.0
25.90,0.0,0.0,0.00,0.57,0.06,0.14,0.00,0.00,0.57,66.50,1734864609170.0
25.90,0.0,0.0,0.00,0.50,0.04,0.12,0.00,0.00,0.5,66.60,1734864599153.0
25.90,0.0,0.0,0.00,0.57,0.06,0.14,0.00,0.00,0.57,66.60,1734864593923.0
25.90,0.0,0.0,0.00,0.55,0.05,0.13,17.99,36.48,36.48,66.70,1734864587877.0
25.90,0.0,0.0,0.00,0.59,0.06,0.15,0.00,0.00,0.59,66.70,1734864583988.0
25.90,0.0,0.0,0.00,0.59,0.06,0.15,18.28,36.95,36.95,66.80,1734864577703.0
25.90,0.0,0.0,0.00,0.59,0.06,0.14,0.00,0.00,0.59,66.80,1734864573743.0
25.90,0.0,0.0,0.00,0.55,0.05,0.13,0.00,0.00,0.55,66.80,1734864568543.0
25.90,0.0,0.0,0.00,0.62,0.06,0.14,0.00,0.00,0.62,67.00,1734864563503.0
25.90,0.0,0.0,0.00,0.55,0.05,0.15,0.00,0.00,0.55,67.00,1734864558434.0
25.90,0.0,0.0,0.00,0.62,0.06,0.15,17.79,33.37,33.37,66.90,1734864552442.0
25.90,0.0,0.0,0.00,0.65,0.07,0.16,17.69,32.08,32.08,66.70,1734864542209.0
25.90,0.0,0.0,0.00,0.65,0.07,0.17,0.00,0.00,0.65,66.70,1734864538098.0
25.90,0.0,0.0,0.00,0.62,0.07,0.16,0.00,0.00,0.62,66.80,1734864533188.0
25.90,0.0,0.0,0.00,0.57,0.05,0.16,0.00,0.00,0.57,66.80,1734864527930.0
25.90,0.0,0.0,0.00,0.65,0.06,0.17,0.00,0.00,0.65,66.90,1734864522952.0
25.90,0.0,0.0,0.00,0.57,0.05,0.14,17.64,32.14,32.14,66.90,1734864516807.0
25.90,0.0,0.0,0.00,0.65,0.06,0.17,0.00,0.00,0.65,67.00,1734864512917.0
25.80,0.0,0.0,0.00,0.55,0.05,0.15,18.08,34.25,34.25,66.90,1734864506663.0
25.90,0.0,0.0,0.00,0.65,0.06,0.18,0.00,0.00,0.65,67.00,1734864502693.0
25.80,0.0,0.0,0.00,0.65,0.06,0.18,0.00,0.00,0.65,67.00,1734864497513.0
25.80,0.0,0.0,0.00,0.67,0.06,0.15,0.00,0.00,0.67,67.10,1734864492431.0
25.80,0.0,0.0,0.00,0.65,0.06,0.18,0.00,0.00,0.65,67.10,1734864487347.0
25.80,0.0,0.0,0.00,0.67,0.07,0.18,18.87,35.48,35.48,67.00,1734864481384.0
25.80,0.0,0.0,0.00,0.59,0.05,0.15,0.00,0.00,0.59,67.00,1734864477275.0
25.80,0.0,0.0,0.00,0.67,0.07,0.18,18.52,33.84,33.84,67.00,1734864471133.0
25.80,0.0,0.0,0.00,0.65,0.07,0.18,0.00,0.00,0.65,67.00,1734864467235.0
25.80,0.0,0.0,0.00,0.67,0.07,0.18,0.00,0.00,0.67,67.00,1734864461973.0
25.80,0.0,0.0,0.00,0.57,0.05,0.16,0.00,0.00,0.57,66.90,1734864457005.0
25.80,0.0,0.0,0.00,0.65,0.07,0.18,0.00,0.00,0.65,66.90,1734864451817.0
25.80,0.0,0.0,0.00,0.65,0.06,0.17,18.33,34.90,34.9,67.00,1734864445956.0
25.80,0.0,0.0,0.00,0.65,0.07,0.19,18.82,37.65,37.65,67.00,1734864435702.0
25.80,0.0,0.0,0.00,0.65,0.07,0.19,0.00,0.00,0.65,67.00,1734864431541.0
25.80,0.0,0.0,0.00,0.67,0.07,0.18,0.00,0.00,0.67,67.10,1734864426488.0
25.80,0.0,0.0,0.00,0.65,0.07,0.19,0.00,0.00,0.65,67.10,1734864416303.0
25.80,0.0,0.0,0.00,0.67,0.07,0.19,18.72,35.43,35.43,67.00,1734864410306.0
25.80,0.0,0.0,0.00,0.59,0.06,0.18,0.00,0.00,0.59,66.80,1734864406159.0
25.80,0.0,0.0,0.00,0.67,0.07,0.20,18.08,33.90,33.9,66.70,1734864400277.0
25.80,0.0,0.0,0.00,0.59,0.05,0.18,0.00,0.00,0.59,66.60,1734864395991.0
25.80,0.0,0.0,0.00,0.65,0.05,0.17,0.00,0.00,0.65,66.50,1734864391050.0
25.80,0.0,0.0,0.00,0.57,0.05,0.17,0.00,0.00,0.57,66.50,1734864385856.0
25.80,0.0,0.0,0.00,0.67,0.06,0.19,0.00,0.00,0.67,66.50,1734864380803.0
25.80,0.0,0.0,0.00,0.67,0.07,0.20,18.23,34.31,34.31,66.70,1734864374718.0
25.80,0.0,0.0,0.00,0.67,0.06,0.20,0.00,0.00,0.67,66.80,1734864370794.0
25.80,0.0,0.0,0.00,0.62,0.05,0.18,18.23,34.90,34.9,66.80,1734864364573.0
25.80,0.0,0.0,0.00,0.59,0.05,0.18,0.00,0.00,0.59,66.80,1734864360547.0
25.80,0.0,0.0,0.00,0.67,0.06,0.18,0.00,0.00,0.67,66.60,1734864345403.0
25.80,0.0,0.0,0.00,0.70,0.06,0.21,17.99,33.37,33.37,66.50,1734864339191.0
25.80,0.0,0.0,0.00,0.59,0.05,0.18,0.00,0.00,0.59,66.50,1734864335146.0
25.80,0.0,0.0,0.00,0.62,0.05,0.19,17.89,34.55,34.55,66.50,1734864329030.0
25.80,0.0,0.0,0.00,0.70,0.06,0.21,0.00,0.00,0.7,66.60,1734864319935.0
25.80,0.0,0.0,0.00,0.70,0.07,0.22,0.00,0.00,0.7,66.50,1734864309709.0
25.90,0.0,0.0,0.00,0.70,0.06,0.22,18.13,34.43,34.43,66.40,1734864303817.0
25.90,0.0,0.0,0.00,0.70,0.06,0.22,0.00,0.00,0.7,66.60,1734864299576.0
25.80,0.0,0.0,0.00,0.73,0.06,0.20,17.99,34.55,34.55,66.60,1734864293584.0
25.80,0.0,0.0,0.00,0.73,0.06,0.23,0.00,0.00,0.73,66.70,1734864289490.0
25.80,0.0,0.0,0.00,0.73,0.07,0.23,0.00,0.00,0.73,66.70,1734864284564.0
25.80,0.0,0.0,0.00,0.65,0.05,0.19,0.00,0.00,0.65,66.50,1734864279458.0
25.80,0.0,0.0,0.00,0.73,0.07,0.23,0.00,0.00,0.73,66.60,1734864274328.0
25.80,0.0,0.0,0.00,0.65,0.05,0.21,18.72,38.71,38.71,66.60,1734864268142.0
25.80,0.0,0.0,0.00,0.73,0.07,0.24,0.00,0.00,0.73,66.60,1734864264081.0
25.80,0.0,0.0,0.00,0.75,0.06,0.23,18.82,36.77,36.77,66.70,1734864258000.0
25.80,0.0,0.0,0.00,0.75,0.07,0.24,0.00,0.00,0.75,66.70,1734864254058.0
25.80,0.0,0.0,0.00,0.75,0.06,0.22,0.00,0.00,0.75,66.60,1734864248934.0
25.80,0.0,0.0,0.00,0.65,0.05,0.21,0.00,0.00,0.65,66.60,1734864243758.0
25.80,0.0,0.0,0.00,0.70,0.05,0.22,17.89,34.31,34.31,66.80,1734864232626.0
25.80,0.0,0.0,0.00,0.65,0.05,0.21,0.00,0.00,0.65,66.90,1734864228656.0
25.80,0.0,0.0,0.00,0.67,0.05,0.23,17.94,35.37,35.37,67.00,1734864222482.0
25.80,0.0,0.0,0.00,0.75,0.07,0.26,0.00,0.00,0.75,66.90,1734864218413.0
25.80,0.0,0.0,0.00,0.70,0.06,0.23,0.00,0.00,0.7,66.80,1734864213314.0
25.80,0.0,0.0,0.00,0.75,0.07,0.26,0.00,0.00,0.75,66.70,1734864208375.0
25.80,0.0,0.0,0.00,0.78,0.07,0.27,0.00,0.00,0.78,66.60,1734864203183.0
25.80,0.0,0.0,0.00,0.78,0.07,0.27,18.43,35.60,35.6,66.50,1734864197313.0
25.80,0.0,0.0,0.00,0.67,0.05,0.23,0.00,0.00,0.67,66.50,1734864193250.0
25.80,0.0,0.0,0.00,0.81,0.07,0.28,18.38,35.37,35.37,66.50,1734864186970.0
25.80,0.0,0.0,0.00,0.67,0.05,0.24,0.00,0.00,0.67,66.40,1734864182983.0
25.80,0.0,0.0,0.00,0.70,0.05,0.25,0.00,0.00,0.7,66.30,1734864177803.0
25.80,0.0,0.0,0.00,0.78,0.07,0.28,0.00,0.00,0.78,66.30,1734864172762.0
25.80,0.0,0.0,0.00,0.78,0.07,0.29,0.00,0.00,0.78,66.30,1734864167635.0
25.80,0.0,0.0,0.00,0.70,0.06,0.27,18.62,35.84,35.84,66.30,1734864161714.0
25.80,0.0,0.0,0.00,0.78,0.07,0.28,0.00,0.00,0.78,66.40,1734864157504.0
25.80,0.0,0.0,0.00,0.70,0.05,0.26,19.21,35.72,35.72,66.30,1734864151441.0
25.80,0.0,0.0,0.00,0.78,0.06,0.28,0.00,0.00,0.78,66.40,1734864147411.0
25.80,0.0,0.0,0.00,0.78,0.07,0.30,0.00,0.00,0.78,66.50,1734864142459.0
25.80,0.0,0.0,0.00,0.73,0.06,0.28,0.00,0.00,0.73,66.50,1734864137323.0
25.80,0.0,0.0,0.00,0.81,0.07,0.30,0.00,0.00,0.81,66.60,1734864132207.0
25.80,0.0,0.0,0.00,0.81,0.06,0.28,18.62,34.90,34.9,66.50,1734864126040.0
25.80,0.0,0.0,0.00,0.81,0.07,0.31,0.00,0.00,0.81,66.60,1734864121991.0
25.80,0.0,0.0,0.00,0.81,0.07,0.32,18.57,34.96,34.96,66.60,1734864115957.0
25.80,0.0,0.0,0.00,0.81,0.06,0.29,0.00,0.00,0.81,66.70,1734864111968.0
25.80,0.0,0.0,0.00,0.84,0.07,0.32,0.00,0.00,0.84,66.70,1734864106793.0
25.80,0.0,0.0,0.00,0.87,0.08,0.34,0.00,0.00,0.87,66.60,1734864101714.0
25.80,0.0,0.0,0.00,0.75,0.06,0.29,0.00,0.00,0.75,66.40,1734864097015.0
25.80,0.0,0.0,0.00,0.75,0.05,0.30,18.77,36.72,36.72,66.40,1734864090624.0
25.80,0.0,0.0,0.00,0.78,0.07,0.34,0.00,0.00,0.78,66.40,1734864086536.0
25.90,0.0,0.0,0.00,0.87,0.07,0.35,18.96,37.18,37.18,66.50,1734864080375.0
25.80,0.0,0.0,0.00,0.75,0.06,0.31,0.00,0.00,0.75,66.60,1734864076368.0
25.80,0.0,0.0,0.00,0.87,0.07,0.36,0.00,0.00,0.87,66.60,1734864071382.0
25.90,0.0,0.0,0.00,0.87,0.08,0.36,0.00,0.00,0.87,66.60,1734864066280.0
25.90,0.0,0.0,0.00,0.75,0.05,0.32,0.00,0.00,0.75,66.60,1734864061063.0
25.90,0.0,0.0,0.00,0.78,0.06,0.34,18.91,38.01,38.01,66.60,1734864055186.0
25.90,0.0,0.0,0.00,0.90,0.08,0.37,0.00,0.00,0.9,66.50,1734864050934.0
25.80,0.0,0.0,0.00,0.90,0.08,0.37,19.26,38.77,38.77,66.50,1734864045408.0
25.90,0.0,0.0,0.00,0.90,0.08,0.39,0.00,0.00,0.9,66.50,1734864040842.0
25.80,0.0,0.0,0.00,0.84,0.07,0.39,0.00,0.00,0.84,66.20,1734864036213.0
25.90,0.0,0.0,0.00,0.84,0.07,0.39,0.00,0.00,0.84,66.20,1734864030652.0
25.90,0.0,0.0,0.00,0.97,0.08,0.40,0.00,0.00,0.97,66.00,1734864025707.0
25.90,0.0,0.0,0.00,0.87,0.07,0.39,0.00,0.00,0.87,66.00,1734864020583.0
25.90,0.0,0.0,0.00,0.90,0.07,0.42,0.00,0.00,0.9,65.90,1734864015409.0
25.90,0.0,0.0,0.00,1.00,0.08,0.42,0.00,0.00,1,65.90,1734864010332.0
25.90,0.0,0.0,0.00,1.00,0.08,0.43,0.00,0.00,1,66.00,1734864005245.0
25.90,0.0,0.0,0.00,0.87,0.06,0.40,0.00,0.00,0.87,66.10,1734864000317.0
25.90,0.0,0.0,0.00,1.00,0.08,0.45,0.00,0.00,1,66.20,1734863995075.0
25.90,0.0,0.0,0.00,0.94,0.08,0.45,0.00,0.00,0.94,66.20,1734863990290.0
25.90,0.0,0.0,0.00,0.97,0.07,0.46,0.00,0.00,0.97,66.40,1734863984905.0
25.90,0.0,0.0,0.00,1.04,0.06,0.42,18.52,37.54,37.54,66.80,1734863979023.0
25.90,0.0,0.0,0.00,1.07,0.09,0.49,18.08,36.77,36.77,66.90,1734863974131.0
25.90,0.0,0.0,0.00,1.11,0.09,0.49,0.00,0.00,1.11,66.90,1734863969793.0
25.90,0.0,0.0,0.00,1.00,0.06,0.46,0.00,0.00,1,66.40,1734863964665.0
25.90,0.0,0.0,0.00,1.14,0.09,0.51,0.00,0.00,1.14,66.50,1734863959775.0
25.90,0.0,0.0,0.00,1.04,0.06,0.48,0.00,0.00,1.04,66.40,1734863954635.0
25.90,0.0,0.0,0.00,1.18,0.09,0.53,10.65,16.89,16.89,66.00,1734863948448.0
25.90,0.0,0.0,0.13,1.25,0.08,0.54,7.58,11.91,11.91,65.90,1734863943417.0
25.90,0.0,0.0,0.19,1.29,0.08,0.54,0.00,0.00,1.29,65.90,1734863939903.0
25.90,0.0,0.0,0.12,1.33,0.08,0.53,0.00,0.00,1.33,65.80,1734863936191.0
25.90,0.0,0.0,0.10,1.41,0.08,0.51,0.00,0.00,1.41,65.80,1734863932402.0
25.90,0.0,0.0,0.11,1.53,0.08,0.45,0.00,0.00,1.53,65.80,1734863928705.0
26.80,0.0,0.0,0.01,1.00,0.21,0.40,21.95,40.06,40.06,55.80,1734680702485.0
26.80,0.0,0.0,0.02,1.14,0.21,0.39,0.00,0.00,1.14,55.90,1734680698398.0
26.80,0.0,0.0,0.02,1.21,0.22,0.40,0.00,0.00,1.21,55.80,1734680693295.0
26.80,0.0,0.0,0.01,1.00,0.20,0.39,0.00,0.00,1,55.80,1734680688497.0
26.80,0.0,0.0,0.02,1.04,0.22,0.43,21.75,39.35,39.35,55.70,1734680682080.0
26.80,0.0,0.0,0.02,1.04,0.22,0.42,0.00,0.00,1.04,55.70,1734680678047.0
26.80,0.0,0.0,0.01,1.04,0.20,0.39,0.00,0.00,1.04,55.80,1734680672982.0
26.80,0.0,0.0,0.02,1.00,0.20,0.37,0.00,0.00,1,55.70,1734680667766.0
26.80,0.0,0.0,0.02,1.25,0.23,0.42,0.00,0.00,1.25,55.70,1734680662747.0
26.70,0.0,0.0,0.02,1.04,0.22,0.42,0.00,0.00,1.04,55.60,1734680657779.0
26.80,0.0,0.0,0.03,1.29,0.28,0.49,0.00,0.00,1.29,55.70,1734680652736.0
26.70,0.0,0.0,0.03,1.33,0.26,0.45,0.00,0.00,1.33,55.60,1734680647525.0
26.70,0.0,0.0,0.02,1.14,0.26,0.48,22.29,42.29,42.29,55.60,1734680641473.0
26.80,0.0,0.0,0.03,1.33,0.29,0.49,0.00,0.00,1.33,55.60,1734680637354.0
26.80,0.0,0.0,0.02,1.18,0.21,0.39,0.00,0.00,1.18,55.60,1734680632209.0
26.70,0.0,0.0,0.02,1.07,0.20,0.39,0.00,0.00,1.07,55.60,1734680627309.0
26.70,0.0,0.0,0.02,1.21,0.21,0.40,0.00,0.00,1.21,55.60,1734680622238.0
26.70,0.0,0.0,0.03,1.37,0.29,0.49,0.00,0.00,1.37,55.60,1734680617308.0
26.70,0.0,0.0,0.03,1.37,0.29,0.51,0.00,0.00,1.37,55.70,1734680612014.0
26.70,0.0,0.0,0.02,1.11,0.21,0.42,0.00,0.00,1.11,55.60,1734680606825.0
26.70,0.0,0.0,0.03,1.41,0.29,0.51,0.00,0.00,1.41,55.70,1734680601773.0
26.70,0.0,0.0,0.02,1.33,0.22,0.40,0.00,0.00,1.33,55.70,1734680596808.0
26.70,0.0,0.0,0.02,1.14,0.21,0.40,0.00,0.00,1.14,55.80,1734680591693.0
26.70,0.0,0.0,0.02,1.29,0.21,0.40,0.00,0.00,1.29,55.70,1734680586569.0
26.70,0.0,0.0,0.02,1.11,0.21,0.40,0.00,0.00,1.11,55.70,1734680581448.0
26.70,0.0,0.0,0.03,1.45,0.30,0.51,21.99,41.29,41.29,55.60,1734680575335.0
26.70,0.0,0.0,0.03,1.45,0.29,0.51,0.00,0.00,1.45,55.60,1734680571415.0
26.70,0.0,0.0,0.03,1.41,0.30,0.51,0.00,0.00,1.41,55.60,1734680566227.0
26.70,0.0,0.0,0.03,1.41,0.30,0.53,0.00,0.00,1.41,55.60,1734680561168.0
26.70,0.0,0.0,0.03,1.45,0.30,0.53,0.00,0.00,1.45,55.50,1734680556159.0
26.70,0.0,0.0,0.03,1.45,0.30,0.53,22.92,40.88,40.88,55.50,1734680550263.0
26.70,0.0,0.0,0.03,1.49,0.32,0.53,0.00,0.00,1.49,55.50,1734680540986.0
26.70,0.0,0.0,0.03,1.49,0.30,0.54,0.00,0.00,1.49,55.50,1734680536188.0
26.70,0.0,0.0,0.03,1.49,0.32,0.54,0.00,0.00,1.49,55.50,1734680530739.0
26.70,0.0,0.0,0.03,1.49,0.29,0.48,0.00,0.00,1.49,55.50,1734680525745.0
26.70,0.0,0.0,0.02,1.25,0.28,0.53,0.00,0.00,1.25,55.60,1734680520455.0
26.70,0.0,0.0,0.02,1.45,0.25,0.45,0.00,0.00,1.45,55.60,1734680515906.0
26.70,0.0,0.0,0.03,1.45,0.30,0.53,0.00,0.00,1.45,55.60,1734680510386.0
26.70,0.0,0.0,0.02,1.14,0.22,0.45,21.85,44.34,44.34,55.60,1734680504437.0
26.70,0.0,0.0,0.03,1.45,0.30,0.53,0.00,0.00,1.45,55.70,1734680500206.0
26.70,0.0,0.0,0.02,1.14,0.22,0.45,0.00,0.00,1.14,55.50,1734680495225.0
26.70,0.0,0.0,0.03,1.41,0.30,0.53,0.00,0.00,1.41,55.50,1734680490088.0
26.70,0.0,0.0,0.02,1.21,0.21,0.40,22.14,40.53,40.53,55.60,1734680484155.0
26.70,0.0,0.0,0.03,1.41,0.29,0.53,22.04,41.00,41,55.60,1734680479037.0
26.70,0.0,0.0,0.03,1.45,0.29,0.51,22.19,41.17,41.17,55.50,1734680469016.0
26.60,0.0,0.0,0.03,1.41,0.29,0.53,0.00,0.00,1.41,55.50,1734680464809.0
26.70,0.0,0.0,0.02,1.14,0.21,0.43,0.00,0.00,1.14,55.50,1734680459789.0
26.60,0.0,0.0,0.02,1.18,0.24,0.48,0.00,0.00,1.18,55.60,1734680454906.0
26.60,0.0,0.0,0.02,1.18,0.20,0.40,0.00,0.00,1.18,55.60,1734680449618.0
26.60,0.0,0.0,0.03,1.41,0.30,0.53,0.00,0.00,1.41,55.60,1734680444652.0
26.60,0.0,0.0,0.03,1.41,0.29,0.53,0.00,0.00,1.41,55.60,1734680439336.0
26.60,0.0,0.0,0.02,1.25,0.21,0.42,0.00,0.00,1.25,55.70,1734680434434.0
26.60,0.0,0.0,0.03,1.41,0.29,0.51,0.00,0.00,1.41,55.70,1734680429129.0
26.60,0.0,0.0,0.02,1.45,0.28,0.51,0.00,0.00,1.45,55.70,1734680424177.0
26.60,0.0,0.0,0.03,1.41,0.29,0.51,0.00,0.00,1.41,55.60,1734680419072.0
26.60,0.0,0.0,0.02,1.21,0.25,0.51,0.00,0.00,1.21,55.50,1734680413939.0
26.60,0.0,0.0,0.02,1.45,0.28,0.51,22.29,44.40,44.4,55.50,1734680408015.0
26.60,0.0,0.0,0.02,1.37,0.22,0.40,0.00,0.00,1.37,55.50,1734680403748.0
26.60,0.0,0.0,0.01,1.14,0.20,0.42,0.00,0.00,1.14,55.50,1734680398907.0
26.60,0.0,0.0,0.03,1.49,0.29,0.51,22.39,43.28,43.28,55.40,1734680392823.0
26.60,0.0,0.0,0.02,1.29,0.21,0.42,22.14,42.40,42.4,55.50,1734680387706.0
26.60,0.0,0.0,0.02,1.37,0.26,0.51,0.00,0.00,1.37,55.50,1734680383618.0
26.60,0.0,0.0,0.01,1.14,0.18,0.39,0.00,0.00,1.14,55.40,1734680378413.0
26.60,0.0,0.0,0.02,1.14,0.21,0.45,0.00,0.00,1.14,55.40,1734680373369.0
26.60,0.0,0.0,0.02,1.37,0.28,0.51,21.85,39.88,39.88,55.30,1734680367235.0
26.60,0.0,0.0,0.02,1.37,0.28,0.51,0.00,0.00,1.37,55.30,1734680363323.0
26.60,0.0,0.0,0.01,1.14,0.19,0.40,0.00,0.00,1.14,55.30,1734680358205.0
26.60,0.0,0.0,0.01,1.11,0.20,0.42,0.00,0.00,1.11,55.30,1734680353116.0
26.60,0.0,0.0,0.02,1.37,0.26,0.51,0.00,0.00,1.37,55.30,1734680348189.0
26.60,0.0,0.0,0.02,1.37,0.23,0.45,0.00,0.00,1.37,55.40,1734680342856.0
26.60,0.0,0.0,0.02,1.29,0.20,0.40,0.00,0.00,1.29,55.20,1734680337950.0
26.60,0.0,0.0,0.02,1.37,0.22,0.42,0.00,0.00,1.37,55.20,1734680332647.0
26.60,0.0,0.0,0.01,1.14,0.20,0.42,0.00,0.00,1.14,55.30,1734680327745.0
26.60,0.0,0.0,0.02,1.37,0.26,0.51,0.00,0.00,1.37,55.20,1734680322578.0
26.60,0.0,0.0,0.02,1.37,0.26,0.49,0.00,0.00,1.37,55.20,1734680317698.0
26.60,0.0,0.0,0.02,1.33,0.28,0.51,0.00,0.00,1.33,55.20,1734680312637.0
26.60,0.0,0.0,0.02,1.37,0.21,0.42,22.09,42.70,42.7,55.20,1734680306409.0
26.60,0.0,0.0,0.01,1.14,0.19,0.40,0.00,0.00,1.14,55.20,1734680302214.0
26.60,0.0,0.0,0.01,1.14,0.21,0.46,21.70,41.29,41.29,55.20,1734680296366.0
26.60,0.0,0.0,0.02,1.18,0.22,0.48,22.29,43.28,43.28,55.20,1734680291250.0
26.60,0.0,0.0,0.02,1.41,0.26,0.53,0.00,0.00,1.41,55.20,1734680287028.0
26.60,0.0,0.0,0.02,1.41,0.26,0.51,0.00,0.00,1.41,55.30,1734680282245.0
26.60,0.0,0.0,0.02,1.37,0.26,0.51,23.61,44.05,44.05,55.30,1734680275866.0
26.60,0.0,0.0,0.02,1.41,0.25,0.53,0.00,0.00,1.41,55.30,1734680271983.0
26.60,0.0,0.0,0.01,1.18,0.22,0.48,0.00,0.00,1.18,55.30,1734680266866.0
26.60,0.0,0.0,0.01,1.18,0.21,0.48,0.00,0.00,1.18,55.40,1734680261612.0
26.60,0.0,0.0,0.02,1.37,0.25,0.51,0.00,0.00,1.37,55.30,1734680256663.0
26.60,0.0,0.0,0.02,1.33,0.25,0.51,0.00,0.00,1.33,55.30,1734680251506.0
26.60,0.0,0.0,0.01,1.11,0.20,0.45,22.97,47.16,47.16,55.40,1734680245400.0
26.60,0.0,0.0,0.02,1.25,0.24,0.53,0.00,0.00,1.25,55.30,1734680241481.0
26.60,0.0,0.0,0.02,1.37,0.24,0.46,0.00,0.00,1.37,55.30,1734680236587.0
26.60,0.0,0.0,0.02,1.37,0.25,0.51,0.00,0.00,1.37,55.20,1734680231294.0
26.60,0.0,0.0,0.02,1.33,0.24,0.51,0.00,0.00,1.33,55.20,1734680226126.0
26.50,0.0,0.0,0.01,1.07,0.17,0.40,0.00,0.00,1.07,55.20,1734680221037.0
26.60,0.0,0.0,0.01,1.18,0.18,0.42,0.00,0.00,1.18,55.20,1734680216105.0
26.60,0.0,0.0,0.02,1.37,0.26,0.53,0.00,0.00,1.37,55.20,1734680210857.0
26.60,0.0,0.0,0.01,1.11,0.17,0.40,0.00,0.00,1.11,55.20,1734680205851.0
26.60,0.0,0.0,0.02,1.33,0.24,0.53,0.00,0.00,1.33,55.20,1734680200807.0
26.60,0.0,0.0,0.02,1.21,0.25,0.54,0.00,0.00,1.21,55.30,1734680195858.0
26.60,0.0,0.0,0.02,1.33,0.25,0.53,0.00,0.00,1.33,55.20,1734680185789.0
26.60,0.0,0.0,0.01,1.11,0.20,0.46,0.00,0.00,1.11,55.20,1734680180669.0
26.60,0.0,0.0,0.02,1.33,0.24,0.53,22.78,43.46,43.46,55.20,1734680174312.0
26.60,0.0,0.0,0.02,1.37,0.24,0.53,0.00,0.00,1.37,55.10,1734680165269.0
26.50,0.0,0.0,0.02,1.18,0.22,0.53,0.00,0.00,1.18,55.10,1734680160161.0
26.60,0.0,0.0,0.01,1.25,0.19,0.43,22.53,42.40,42.4,55.00,1734680154568.0
26.60,0.0,0.0,0.01,1.14,0.22,0.51,0.00,0.00,1.14,55.10,1734680150369.0
26.50,0.0,0.0,0.02,1.33,0.24,0.53,0.00,0.00,1.33,55.00,1734680144948.0
26.50,0.0,0.0,0.02,1.33,0.25,0.53,0.00,0.00,1.33,55.10,1734680139909.0
26.60,0.0,0.0,0.02,1.33,0.25,0.53,0.00,0.00,1.33,55.00,1734680134709.0
26.60,0.0,0.0,0.02,1.25,0.21,0.45,0.00,0.00,1.25,55.10,1734680129668.0
26.60,0.0,0.0,0.01,0.97,0.14,0.37,0.00,0.00,0.97,55.00,1734680124517.0
26.50,0.0,0.0,0.01,1.18,0.19,0.42,0.00,0.00,1.18,55.00,1734680119625.0
26.60,0.0,0.0,0.01,1.18,0.21,0.48,22.34,45.98,45.98,55.10,1734680113454.0
26.60,0.0,0.0,0.01,1.07,0.19,0.48,0.00,0.00,1.07,55.00,1734680109377.0
26.50,0.0,0.0,0.01,1.21,0.20,0.48,0.00,0.00,1.21,55.00,1734680104486.0
26.50,0.0,0.0,0.01,1.18,0.21,0.48,0.00,0.00,1.18,55.00,1734680099202.0
26.50,0.0,0.0,0.01,1.18,0.21,0.49,0.00,0.00,1.18,55.00,1734680094449.0
26.50,0.0,0.0,0.01,1.14,0.15,0.40,22.39,41.94,41.94,54.90,1734680088170.0
26.50,0.0,0.0,0.01,1.21,0.21,0.49,0.00,0.00,1.21,55.00,1734680084191.0
26.50,0.0,0.0,0.01,1.18,0.21,0.51,0.00,0.00,1.18,55.00,1734680078861.0
26.50,0.0,0.0,0.01,1.00,0.17,0.45,0.00,0.00,1,55.00,1734680074106.0
26.50,0.0,0.0,0.01,1.00,0.14,0.40,0.00,0.00,1,55.00,1734680068813.0
26.50,0.0,0.0,0.01,1.21,0.21,0.51,0.00,0.00,1.21,55.00,1734680063713.0
26.50,0.0,0.0,0.01,1.21,0.21,0.51,0.00,0.00,1.21,54.90,1734680058546.0
26.50,0.0,0.0,0.01,1.21,0.21,0.49,22.53,43.17,43.17,55.00,1734680052654.0
26.50,0.0,0.0,0.01,1.25,0.21,0.51,0.00,0.00,1.25,54.90,1734680048541.0
26.50,0.0,0.0,0.01,1.00,0.15,0.43,0.00,0.00,1,54.90,1734680043357.0
26.50,0.0,0.0,0.01,1.00,0.14,0.42,0.00,0.00,1,54.90,1734680038337.0
26.50,0.0,0.0,0.01,1.04,0.16,0.46,22.43,43.40,43.4,54.80,1734680022128.0
26.50,0.0,0.0,0.01,1.11,0.15,0.43,0.00,0.00,1.11,54.90,1734680018070.0
26.50,0.0,0.0,0.01,1.25,0.21,0.53,0.00,0.00,1.25,54.90,1734680012910.0
26.50,0.0,0.0,0.02,1.25,0.21,0.53,0.00,0.00,1.25,54.90,1734680007765.0
26.50,0.0,0.0,0.02,1.25,0.22,0.53,0.00,0.00,1.25,55.10,1734680002887.0
26.50,0.0,0.0,0.01,1.11,0.20,0.54,0.00,0.00,1.11,55.00,1734679997762.0
26.50,0.0,0.0,0.02,1.29,0.21,0.54,0.00,0.00,1.29,55.00,1734679992662.0
26.50,0.0,0.0,0.01,1.25,0.19,0.49,0.00,0.00,1.25,55.00,1734679987515.0
26.50,0.0,0.0,0.01,1.11,0.21,0.54,0.00,0.00,1.11,54.90,1734679982417.0
26.40,0.0,0.0,0.01,1.25,0.21,0.54,0.00,0.00,1.25,54.90,1734679977425.0
26.50,0.0,0.0,0.01,1.29,0.20,0.49,0.00,0.00,1.29,54.90,1734679972377.0
26.40,0.0,0.0,0.01,1.07,0.19,0.53,0.00,0.00,1.07,54.90,1734679967186.0
26.40,0.0,0.0,0.01,1.25,0.22,0.58,0.00,0.00,1.25,55.00,1734679962126.0
26.40,0.0,0.0,0.02,1.29,0.22,0.56,22.39,44.75,44.75,55.10,1734679956017.0
26.40,0.0,0.0,0.01,1.04,0.15,0.46,0.00,0.00,1.04,55.20,1734679952106.0
26.40,0.0,0.0,0.01,1.14,0.21,0.58,0.00,0.00,1.14,55.10,1734679946809.0
26.40,0.0,0.0,0.01,1.07,0.17,0.53,0.00,0.00,1.07,55.20,1734679941927.0
26.40,0.0,0.0,0.01,1.29,0.21,0.58,0.00,0.00,1.29,55.10,1734679936779.0
26.40,0.0,0.0,0.01,1.11,0.15,0.48,0.00,0.00,1.11,55.10,1734679931605.0
26.40,0.0,0.0,0.01,1.29,0.18,0.51,0.00,0.00,1.29,55.00,1734679926563.0
26.40,0.0,0.0,0.01,1.29,0.22,0.60,0.00,0.00,1.29,54.80,1734679921576.0
26.40,0.0,0.0,0.01,1.14,0.15,0.49,0.00,0.00,1.14,54.70,1734679916476.0
26.40,0.0,0.0,0.01,1.33,0.22,0.60,0.00,0.00,1.33,54.70,1734679911365.0
26.40,0.0,0.0,0.01,1.29,0.22,0.60,0.00,0.00,1.29,54.70,1734679906434.0
26.40,0.0,0.0,0.01,1.33,0.22,0.62,0.00,0.00,1.33,54.70,1734679901308.0
26.40,0.0,0.0,0.01,1.33,0.19,0.53,0.00,0.00,1.33,54.70,1734679890927.0
26.40,0.0,0.0,0.01,1.33,0.22,0.62,22.04,42.93,42.93,54.70,1734679884917.0
26.40,0.0,0.0,0.01,1.11,0.15,0.51,0.00,0.00,1.11,54.70,1734679880782.0
26.30,0.0,0.0,0.01,1.14,0.15,0.53,0.00,0.00,1.14,54.70,1734679875941.0
26.30,0.0,0.0,0.02,1.37,0.22,0.63,0.00,0.00,1.37,54.70,1734679870785.0
26.30,0.0,0.0,0.01,1.25,0.22,0.65,22.53,42.17,42.17,54.70,1734679864656.0
26.30,0.0,0.0,0.02,1.37,0.23,0.65,0.00,0.00,1.37,54.70,1734679860473.0
26.30,0.0,0.0,0.01,1.14,0.17,0.58,0.00,0.00,1.14,54.60,1734679855425.0
26.30,0.0,0.0,0.01,1.18,0.15,0.54,0.00,0.00,1.18,54.70,1734679850506.0
26.30,0.0,0.0,0.02,1.41,0.23,0.67,0.00,0.00,1.41,54.70,1734679845620.0
26.30,0.0,0.0,0.02,1.41,0.22,0.67,0.00,0.00,1.41,54.60,1734679840161.0
26.30,0.0,0.0,0.01,1.18,0.16,0.58,22.83,44.34,44.34,54.60,1734679834127.0
26.30,0.0,0.0,0.01,1.14,0.15,0.56,0.00,0.00,1.14,54.60,1734679830094.0
26.30,0.0,0.0,0.02,1.45,0.22,0.65,22.73,44.46,44.46,54.60,1734679824086.0
26.30,0.0,0.0,0.02,1.41,0.23,0.69,0.00,0.00,1.41,54.60,1734679820433.0
26.30,0.0,0.0,0.01,1.21,0.16,0.58,21.99,40.88,40.88,54.60,1734679814086.0
26.30,0.0,0.0,0.02,1.45,0.23,0.72,0.00,0.00,1.45,54.60,1734679809745.0
26.30,0.0,0.0,0.01,1.25,0.17,0.60,0.00,0.00,1.25,54.60,1734679804853.0
26.30,0.0,0.0,0.02,1.49,0.23,0.67,0.00,0.00,1.49,54.60,1734679799546.0
26.30,0.0,0.0,0.01,1.37,0.18,0.63,0.00,0.00,1.37,54.60,1734679794612.0
26.30,0.0,0.0,0.01,1.29,0.17,0.62,0.00,0.00,1.29,54.50,1734679789429.0
26.30,0.0,0.0,0.01,1.29,0.18,0.63,0.00,0.00,1.29,54.60,1734679784365.0
26.30,0.0,0.0,0.01,1.33,0.18,0.63,22.73,43.05,43.05,54.60,1734679778269.0
26.30,0.0,0.0,0.02,1.53,0.25,0.78,0.00,0.00,1.53,54.60,1734679774326.0
26.30,0.0,0.0,0.02,1.53,0.25,0.78,22.73,41.99,41.99,54.60,1734679768150.0
26.30,0.0,0.0,0.02,1.58,0.24,0.78,0.00,0.00,1.58,54.60,1734679758937.0
26.30,0.0,0.0,0.02,1.62,0.28,0.83,22.78,43.58,43.58,54.60,1734679753033.0
26.20,0.0,0.0,0.02,1.41,0.24,0.78,0.00,0.00,1.41,54.70,1734679748805.0
26.30,0.0,0.0,0.02,1.62,0.28,0.85,23.12,42.40,42.4,54.70,1734679742790.0
26.30,0.0,0.0,0.02,1.71,0.30,0.90,0.00,0.00,1.71,54.70,1734679738707.0
26.20,0.0,0.0,0.02,1.75,0.30,0.90,23.56,43.05,43.05,54.60,1734679732767.0
26.20,0.0,0.0,0.01,1.49,0.22,0.78,0.00,0.00,1.49,54.70,1734679728560.0
26.20,0.0,0.0,0.02,1.80,0.30,0.93,23.41,44.52,44.52,54.70,1734679722702.0
26.20,0.0,0.0,0.01,1.41,0.19,0.74,0.00,0.00,1.41,54.70,1734679718549.0
26.30,0.0,0.0,0.02,1.75,0.28,0.90,0.00,0.00,1.75,54.70,1734679713508.0
26.20,0.0,0.0,0.02,1.66,0.23,0.78,0.00,0.00,1.66,54.60,1734679708248.0
26.20,0.0,0.0,0.02,1.71,0.28,0.93,0.00,0.00,1.71,54.70,1734679703277.0
26.20,0.0,0.0,0.02,1.71,0.28,0.95,0.00,0.00,1.71,54.60,1734679698147.0
26.20,0.0,0.0,0.02,1.75,0.30,0.98,0.00,0.00,1.75,54.50,1734679692995.0
26.20,0.0,0.0,0.01,1.45,0.20,0.80,23.36,45.22,45.22,54.50,1734679687086.0
26.20,0.0,0.0,0.02,1.71,0.23,0.85,0.00,0.00,1.71,54.60,1734679682977.0
26.20,0.0,0.0,0.01,1.53,0.20,0.83,23.12,44.69,44.69,54.50,1734679676750.0
26.20,0.0,0.0,0.02,1.90,0.32,1.06,0.00,0.00,1.9,54.50,1734679672729.0
26.20,0.0,0.0,0.03,2.04,0.36,1.15,0.00,0.00,2.04,54.50,1734679667584.0
26.20,0.0,0.0,0.03,2.09,0.39,1.21,22.78,44.63,44.63,54.40,1734679661669.0
26.20,0.0,0.0,0.03,2.09,0.36,1.21,0.00,0.00,2.09,54.50,1734679657581.0
26.20,0.0,0.0,0.03,2.04,0.37,1.21,22.92,44.52,44.52,54.50,1734679651493.0
26.20,0.0,0.0,0.03,2.09,0.37,1.24,0.00,0.00,2.09,54.50,1734679647345.0
26.20,0.0,0.0,0.03,1.85,0.34,1.21,23.07,44.28,44.28,54.50,1734679641272.0
26.10,0.0,0.0,0.03,2.09,0.36,1.24,0.00,0.00,2.09,54.50,1734679637179.0
26.10,0.0,0.0,0.03,2.15,0.36,1.24,23.07,46.10,46.1,54.50,1734679631162.0
26.10,0.0,0.0,0.03,2.15,0.36,1.27,0.00,0.00,2.15,54.50,1734679627042.0
26.10,0.0,0.0,0.03,2.04,0.36,1.27,0.00,0.00,2.04,54.60,1734679622133.0
26.10,0.0,0.0,0.03,2.20,0.36,1.30,0.00,0.00,2.2,54.70,1734679616838.0
26.10,0.0,0.0,0.03,2.20,0.39,1.34,22.83,44.87,44.87,54.70,1734679610886.0
26.10,0.0,0.0,0.03,2.20,0.37,1.34,22.97,45.34,45.34,54.70,1734679605755.0
26.10,0.0,0.0,0.03,2.25,0.37,1.37,0.00,0.00,2.25,54.60,1734679601875.0
26.10,0.0,0.0,0.03,2.25,0.39,1.37,23.12,46.16,46.16,54.60,1734679595609.0
26.10,0.0,0.0,0.02,1.85,0.28,1.21,0.00,0.00,1.85,54.60,1734679591625.0
26.00,0.0,0.0,0.04,2.30,0.39,1.40,23.36,47.04,47.04,54.50,1734679585503.0
26.10,0.0,0.0,0.03,2.25,0.37,1.40,23.26,47.21,47.21,54.50,1734679580414.0
26.10,0.0,0.0,0.02,1.94,0.30,1.27,22.83,45.22,45.22,54.50,1734679575455.0
26.10,0.0,0.0,0.03,2.15,0.36,1.44,23.17,45.51,45.51,54.50,1734679570338.0
26.10,0.0,0.0,0.03,2.36,0.37,1.44,0.00,0.00,2.36,54.60,1734679566238.0
26.00,0.0,0.0,0.02,2.25,0.29,1.24,22.78,45.28,45.28,54.60,1734679560162.0
26.00,0.0,0.0,0.03,2.47,0.37,1.47,0.00,0.00,2.47,54.60,1734679556264.0
26.00,0.0,0.0,0.03,2.47,0.39,1.51,23.75,48.62,48.62,54.60,1734679550056.0
26.00,0.0,0.0,0.03,2.36,0.41,1.55,23.22,48.21,48.21,54.50,1734679544969.0
26.00,0.0,0.0,0.02,2.30,0.29,1.30,23.66,48.97,48.97,54.60,1734679540027.0
26.00,0.0,0.0,0.04,2.53,0.44,1.59,23.75,46.39,46.39,54.60,1734679534859.0
26.00,0.0,0.0,0.04,2.70,0.44,1.62,0.00,0.00,2.7,54.50,1734679530807.0
26.00,0.0,0.0,0.03,2.36,0.33,1.44,0.00,0.00,2.36,54.40,1734679525698.0
26.00,0.0,0.0,0.02,2.15,0.28,1.34,0.00,0.00,2.15,54.40,1734679520762.0
26.00,0.0,0.0,0.03,2.58,0.37,1.59,22.83,42.23,42.23,54.40,1734679514574.0
26.00,0.0,0.0,0.03,2.58,0.32,1.40,22.97,42.58,42.58,54.50,1734679509489.0
26.00,0.0,0.0,0.02,2.20,0.28,1.40,22.97,42.93,42.93,54.50,1734679504424.0
26.00,0.0,0.0,0.03,2.58,0.36,1.59,23.41,43.52,43.52,54.40,1734679499400.0
26.00,0.0,0.0,0.03,2.53,0.36,1.59,23.26,43.87,43.87,54.30,1734679495625.0
26.00,0.0,0.0,0.03,2.53,0.34,1.59,0.00,0.00,2.53,54.30,1734679492946.0
26.00,0.0,0.0,0.03,2.58,0.34,1.59,23.31,43.52,43.52,54.30,1734679484190.0
26.00,0.0,0.0,0.02,2.47,0.36,1.62,23.46,43.52,43.52,54.30,1734679479199.0
26.00,0.0,0.0,0.03,2.70,0.36,1.66,23.51,43.05,43.05,54.40,1734679474076.0
26.00,0.0,0.0,0.03,2.76,0.36,1.70,23.41,43.75,43.75,54.30,1734679469161.0
26.00,0.0,0.0,0.03,2.82,0.37,1.74,23.41,43.81,43.81,54.30,1734679464050.0
26.00,0.0,0.0,0.03,2.82,0.36,1.74,23.36,43.93,43.93,54.30,1734679458914.0
26.00,0.0,0.0,0.03,2.88,0.36,1.83,23.17,43.87,43.87,54.30,1734679454864.0
26.10,0.0,0.0,0.03,3.01,0.39,1.83,23.12,43.75,43.75,54.20,1734679452158.0
26.10,0.0,0.0,0.03,2.88,0.37,1.91,0.00,0.00,2.88,54.10,1734679436207.0
26.10,0.0,0.0,0.02,3.01,0.34,1.91,24.00,46.33,46.33,54.10,1734679432494.0
26.10,0.0,0.0,0.03,3.07,0.36,1.96,0.00,0.00,3.07,54.00,1734679429707.0
26.10,0.0,0.0,0.02,2.88,0.25,1.70,23.85,44.57,44.57,54.00,1734679426042.0
26.10,0.0,0.0,0.02,3.20,0.26,1.78,23.90,44.63,44.63,54.00,1734679423364.0
27.20,0.0,0.0,0.02,0.94,0.20,0.26,0.00,0.00,0.94,61.50,1734601268085.0
27.20,0.0,0.0,0.01,0.73,0.14,0.21,0.00,0.00,0.73,61.50,1734601262935.0
27.20,0.0,0.0,0.02,0.94,0.20,0.26,0.00,0.00,0.94,61.40,1734601257860.0
27.20,0.0,0.0,0.01,0.90,0.15,0.20,0.00,0.00,0.9,61.40,1734601252957.0
27.10,0.0,0.0,0.02,0.90,0.20,0.25,0.00,0.00,0.9,61.40,1734601248023.0
27.10,0.0,0.0,0.01,0.73,0.15,0.22,0.00,0.00,0.73,61.50,1734601242701.0
27.10,0.0,0.0,0.01,0.90,0.18,0.24,0.00,0.00,0.9,61.50,1734601237788.0
27.10,0.0,0.0,0.01,0.87,0.17,0.23,0.00,0.00,0.87,61.60,1734601232667.0
27.10,0.0,0.0,0.01,0.81,0.16,0.22,0.00,0.00,0.81,61.50,1734601227381.0
27.10,0.0,0.0,0.01,0.65,0.10,0.17,0.00,0.00,0.65,61.60,1734601222631.0
27.10,0.0,0.0,0.01,0.62,0.11,0.17,0.00,0.00,0.62,61.60,1734601217299.0
27.10,0.0,0.0,0.01,0.81,0.16,0.22,0.00,0.00,0.81,61.70,1734601212425.0
27.10,0.0,0.0,0.01,0.67,0.14,0.21,0.00,0.00,0.67,61.80,1734601201953.0
27.00,0.0,0.0,0.01,0.81,0.17,0.22,0.00,0.00,0.81,61.80,1734601197028.0
27.10,0.0,0.0,0.01,0.81,0.16,0.22,0.00,0.00,0.81,62.00,1734601191908.0
27.10,0.0,0.0,0.01,0.65,0.12,0.18,0.00,0.00,0.65,62.00,1734601186882.0
27.10,0.0,0.0,0.01,0.81,0.17,0.22,0.00,0.00,0.81,61.90,1734601181680.0
27.10,0.0,0.0,0.01,0.81,0.16,0.22,0.00,0.00,0.81,61.90,1734601176661.0
27.10,0.0,0.0,0.01,0.65,0.11,0.18,0.00,0.00,0.65,61.80,1734601171539.0
27.10,0.0,0.0,0.01,0.81,0.16,0.22,0.00,0.00,0.81,61.80,1734601166687.0
27.00,0.0,0.0,0.01,0.81,0.16,0.23,0.00,0.00,0.81,61.70,1734601161302.0
27.00,0.0,0.0,0.01,0.81,0.17,0.23,0.00,0.00,0.81,61.70,1734601156254.0
27.10,0.0,0.0,0.01,0.81,0.17,0.23,0.00,0.00,0.81,61.70,1734601151132.0
27.00,0.0,0.0,0.01,0.81,0.17,0.23,0.00,0.00,0.81,61.50,1734601136005.0
27.00,0.0,0.0,0.01,0.81,0.16,0.22,0.00,0.00,0.81,61.50,1734601130791.0
27.00,0.0,0.0,0.01,0.62,0.10,0.16,0.00,0.00,0.62,61.40,1734601125779.0
27.00,0.0,0.0,0.01,0.81,0.16,0.22,0.00,0.00,0.81,61.40,1734601120830.0
27.00,0.0,0.0,0.01,0.78,0.16,0.22,0.00,0.00,0.78,61.30,1734601115743.0
27.00,0.0,0.0,0.01,0.67,0.11,0.17,0.00,0.00,0.67,61.20,1734601110743.0
27.00,0.0,0.0,0.01,0.81,0.16,0.23,0.00,0.00,0.81,61.20,1734601105477.0
27.00,0.0,0.0,0.01,0.73,0.16,0.23,0.00,0.00,0.73,61.20,1734601100514.0
27.00,0.0,0.0,0.01,0.65,0.11,0.18,0.00,0.00,0.65,61.20,1734601095424.0
27.00,0.0,0.0,0.01,0.65,0.13,0.18,0.00,0.00,0.65,61.30,1734601090272.0
26.90,0.0,0.0,0.01,0.84,0.15,0.20,0.00,0.00,0.84,61.30,1734601085190.0
26.90,0.0,0.0,0.01,0.84,0.15,0.20,0.00,0.00,0.84,61.50,1734601080337.0
26.90,0.0,0.0,0.01,0.84,0.18,0.24,0.00,0.00,0.84,61.60,1734601074945.0
26.90,0.0,0.0,0.01,0.70,0.14,0.22,0.00,0.00,0.7,61.70,1734601069809.0
26.90,0.0,0.0,0.01,0.75,0.13,0.18,0.00,0.00,0.75,61.70,1734601064983.0
26.90,0.0,0.0,0.01,0.67,0.12,0.18,0.00,0.00,0.67,61.70,1734601059787.0
26.90,0.0,0.0,0.01,0.84,0.18,0.24,0.00,0.00,0.84,61.80,1734601054512.0
26.90,0.0,0.0,0.01,0.87,0.18,0.24,0.00,0.00,0.87,62.00,1734601049606.0
26.90,0.0,0.0,0.01,0.84,0.14,0.20,0.00,0.00,0.84,62.10,1734601044821.0
26.80,0.0,0.0,0.01,0.87,0.18,0.25,0.00,0.00,0.87,62.20,1734601039309.0
26.80,0.0,0.0,0.01,0.75,0.18,0.25,0.00,0.00,0.75,62.40,1734601034406.0
26.80,0.0,0.0,0.01,0.87,0.19,0.25,0.00,0.00,0.87,62.50,1734601029455.0
26.80,0.0,0.0,0.01,0.87,0.18,0.24,0.00,0.00,0.87,62.70,1734601024351.0
26.80,0.0,0.0,0.01,0.87,0.17,0.22,0.00,0.00,0.87,62.60,1734601019222.0
26.80,0.0,0.0,0.01,0.84,0.19,0.25,0.00,0.00,0.84,62.70,1734601014427.0
26.80,0.0,0.0,0.01,0.67,0.12,0.18,0.00,0.00,0.67,62.70,1734601008981.0
26.80,0.0,0.0,0.01,0.67,0.12,0.19,0.00,0.00,0.67,62.60,1734601003741.0
26.70,0.0,0.0,0.01,0.84,0.17,0.23,0.00,0.00,0.84,62.70,1734600998775.0
26.70,0.0,0.0,0.01,0.84,0.17,0.24,0.00,0.00,0.84,62.40,1734600988812.0
26.70,0.0,0.0,0.01,0.84,0.17,0.23,0.00,0.00,0.84,62.40,1734600983702.0
26.70,0.0,0.0,0.01,0.67,0.11,0.18,0.00,0.00,0.67,62.20,1734600978534.0
26.70,0.0,0.0,0.01,0.87,0.17,0.23,0.00,0.00,0.87,61.80,1734600973501.0
26.70,0.0,0.0,0.01,0.84,0.17,0.23,0.00,0.00,0.84,61.70,1734600968187.0
26.60,0.0,0.0,0.01,0.87,0.19,0.24,0.00,0.00,0.87,61.50,1734600963213.0
26.70,0.0,0.0,0.01,0.87,0.18,0.24,0.00,0.00,0.87,61.50,1734600958738.0
26.60,0.0,0.0,0.01,0.65,0.12,0.18,0.00,0.00,0.65,61.40,1734600953127.0
26.60,0.0,0.0,0.01,0.78,0.13,0.18,0.00,0.00,0.78,61.30,1734600947861.0
26.60,0.0,0.0,0.01,0.65,0.11,0.18,0.00,0.00,0.65,61.30,1734600942830.0
26.60,0.0,0.0,0.01,0.87,0.17,0.23,0.00,0.00,0.87,61.20,1734600937782.0
26.60,0.0,0.0,0.01,0.81,0.13,0.18,0.00,0.00,0.81,61.10,1734600932630.0
26.60,0.0,0.0,0.01,0.84,0.17,0.23,0.00,0.00,0.84,61.00,1734600927626.0
26.50,0.0,0.0,0.01,0.67,0.11,0.18,0.00,0.00,0.67,61.00,1734600922902.0
26.50,0.0,0.0,0.01,0.90,0.19,0.24,0.00,0.00,0.9,61.00,1734600917780.0
26.50,0.0,0.0,0.01,0.73,0.16,0.23,0.00,0.00,0.73,61.00,1734600912541.0
26.50,0.0,0.0,0.01,0.87,0.18,0.23,0.00,0.00,0.87,60.90,1734600907542.0
26.50,0.0,0.0,0.01,0.87,0.18,0.23,0.00,0.00,0.87,60.80,1734600902285.0
26.50,0.0,0.0,0.01,0.81,0.13,0.18,0.00,0.00,0.81,60.60,1734600897192.0
26.50,0.0,0.0,0.01,0.67,0.13,0.20,0.00,0.00,0.67,60.50,1734600892074.0
26.50,0.0,0.0,0.01,0.67,0.13,0.18,0.00,0.00,0.67,60.60,1734600886908.0
26.50,0.0,0.0,0.01,0.90,0.19,0.23,0.00,0.00,0.9,60.50,1734600881829.0
26.40,0.0,0.0,0.01,0.67,0.13,0.17,0.00,0.00,0.67,60.60,1734600876719.0
26.40,0.0,0.0,0.01,0.87,0.17,0.20,0.00,0.00,0.87,60.40,1734600871851.0
26.40,0.0,0.0,0.01,0.87,0.18,0.22,0.00,0.00,0.87,60.30,1734600866901.0
26.40,0.0,0.0,0.02,0.90,0.20,0.24,0.00,0.00,0.9,60.30,1734600861550.0
26.40,0.0,0.0,0.01,0.78,0.13,0.17,0.00,0.00,0.78,60.20,1734600856347.0
26.40,0.0,0.0,0.01,0.81,0.17,0.20,0.00,0.00,0.81,60.10,1734600851525.0
26.40,0.0,0.0,0.01,0.67,0.14,0.18,0.00,0.00,0.67,60.10,1734600846413.0
26.40,0.0,0.0,0.01,0.78,0.15,0.19,0.00,0.00,0.78,59.80,1734600841262.0
26.40,0.0,0.0,0.01,0.78,0.15,0.18,0.00,0.00,0.78,59.70,1734600836142.0
26.30,0.0,0.0,0.01,0.65,0.13,0.18,0.00,0.00,0.65,59.60,1734600831110.0
26.30,0.0,0.0,0.01,0.78,0.17,0.20,0.00,0.00,0.78,59.60,1734600826262.0
26.40,0.0,0.0,0.01,0.78,0.16,0.20,0.00,0.00,0.78,59.50,1734600821138.0
26.40,0.0,0.0,0.01,0.62,0.10,0.15,0.00,0.00,0.62,59.50,1734600815731.0
26.30,0.0,0.0,0.01,0.75,0.15,0.19,0.00,0.00,0.75,59.40,1734600810901.0
26.30,0.0,0.0,0.01,0.59,0.11,0.15,0.00,0.00,0.59,59.30,1734600805648.0
26.30,0.0,0.0,0.01,0.75,0.15,0.18,0.00,0.00,0.75,59.20,1734600800509.0
26.40,0.0,0.0,0.01,0.75,0.15,0.18,0.00,0.00,0.75,59.10,1734600795892.0
26.30,0.0,0.0,0.01,0.75,0.15,0.19,0.00,0.00,0.75,58.80,1734600790491.0
26.30,0.0,0.0,0.01,0.75,0.15,0.18,0.00,0.00,0.75,58.60,1734600785381.0
26.30,0.0,0.0,0.01,0.75,0.15,0.19,0.00,0.00,0.75,58.50,1734600780254.0
26.30,0.0,0.0,0.01,0.67,0.14,0.19,0.00,0.00,0.67,58.40,1734600775109.0
26.40,0.0,0.0,0.01,0.59,0.11,0.15,0.00,0.00,0.59,58.20,1734600769947.0
26.30,0.0,0.0,0.01,0.75,0.15,0.19,0.00,0.00,0.75,57.90,1734600765143.0
26.30,0.0,0.0,0.01,0.62,0.11,0.15,0.00,0.00,0.62,57.80,1734600759770.0
26.30,0.0,0.0,0.01,0.75,0.15,0.18,0.00,0.00,0.75,57.70,1734600754811.0
26.30,0.0,0.0,0.01,0.75,0.15,0.18,0.00,0.00,0.75,57.60,1734600749709.0
26.30,0.0,0.0,0.01,0.73,0.12,0.14,0.00,0.00,0.73,57.50,1734600744806.0
26.30,0.0,0.0,0.01,0.75,0.15,0.18,0.00,0.00,0.75,57.30,1734600739540.0
26.30,0.0,0.0,0.01,0.65,0.14,0.18,0.00,0.00,0.65,57.10,1734600734612.0
26.30,0.0,0.0,0.01,0.59,0.12,0.16,0.00,0.00,0.59,56.80,1734600729462.0
26.30,0.0,0.0,0.01,0.59,0.10,0.15,0.00,0.00,0.59,56.60,1734600724837.0
26.30,0.0,0.0,0.01,0.59,0.12,0.15,0.00,0.00,0.59,56.50,1734600719693.0
26.30,0.0,0.0,0.01,0.75,0.15,0.18,0.00,0.00,0.75,56.30,1734600714308.0
26.30,0.0,0.0,0.01,0.75,0.15,0.18,0.00,0.00,0.75,56.20,1734600709074.0
26.30,0.0,0.0,0.01,0.75,0.15,0.18,0.00,0.00,0.75,56.00,1734600704121.0
26.30,0.0,0.0,0.01,0.75,0.15,0.18,0.00,0.00,0.75,55.80,1734600698906.0
26.30,0.0,0.0,0.01,0.59,0.10,0.14,0.00,0.00,0.59,55.60,1734600693782.0
26.30,0.0,0.0,0.01,0.75,0.15,0.18,0.00,0.00,0.75,55.40,1734600688866.0
26.30,0.0,0.0,0.01,0.75,0.15,0.18,0.00,0.00,0.75,55.30,1734600683849.0
26.40,0.0,0.0,0.01,0.75,0.15,0.18,0.00,0.00,0.75,55.10,1734600678502.0
26.30,0.0,0.0,0.01,0.75,0.15,0.18,0.00,0.00,0.75,55.00,1734600673549.0
26.40,0.0,0.0,0.01,0.62,0.13,0.17,0.00,0.00,0.62,54.90,1734600668673.0
26.30,0.0,0.0,0.01,0.75,0.15,0.18,0.00,0.00,0.75,54.70,1734600663335.0
26.40,0.0,0.0,0.01,0.75,0.15,0.18,0.00,0.00,0.75,54.30,1734600658263.0
26.40,0.0,0.0,0.01,0.78,0.16,0.18,0.00,0.00,0.78,54.10,1734600653283.0
26.40,0.0,0.0,0.01,0.62,0.12,0.15,0.00,0.00,0.62,54.00,1734600648340.0
26.40,0.0,0.0,0.01,0.59,0.10,0.13,0.00,0.00,0.59,53.70,1734600643539.0
26.40,0.0,0.0,0.01,0.75,0.16,0.18,0.00,0.00,0.75,53.40,1734600637855.0
26.40,0.0,0.0,0.01,0.70,0.15,0.18,0.00,0.00,0.7,53.20,1734600633198.0
26.40,0.0,0.0,0.01,0.75,0.16,0.18,0.00,0.00,0.75,53.00,1734600627853.0
26.50,0.0,0.0,0.01,0.75,0.15,0.18,0.00,0.00,0.75,52.80,1734600622794.0
26.50,0.0,0.0,0.01,0.75,0.16,0.17,0.00,0.00,0.75,52.60,1734600617815.0
26.50,0.0,0.0,0.01,0.78,0.16,0.18,0.00,0.00,0.78,52.40,1734600612812.0
26.50,0.0,0.0,0.01,0.70,0.11,0.13,0.00,0.00,0.7,52.20,1734600607387.0
26.50,0.0,0.0,0.01,0.75,0.16,0.17,0.00,0.00,0.75,52.10,1734600602491.0
26.50,0.0,0.0,0.01,0.65,0.11,0.14,0.00,0.00,0.65,52.10,1734600597452.0
26.50,0.0,0.0,0.01,0.67,0.15,0.17,0.00,0.00,0.67,52.20,1734600592234.0
26.60,0.0,0.0,0.01,0.78,0.15,0.18,0.00,0.00,0.78,52.20,1734600587205.0
26.60,0.0,0.0,0.01,0.73,0.14,0.16,0.00,0.00,0.73,52.30,1734600582101.0
26.60,0.0,0.0,0.01,0.57,0.11,0.13,0.00,0.00,0.57,52.30,1734600577054.0
26.60,0.0,0.0,0.01,0.70,0.12,0.14,0.00,0.00,0.7,52.40,1734600571945.0
26.70,0.0,0.0,0.01,0.73,0.14,0.17,0.00,0.00,0.73,52.40,1734600566864.0
26.70,0.0,0.0,0.01,0.67,0.14,0.18,0.00,0.00,0.67,52.40,1734600557135.0
26.70,0.0,0.0,0.01,0.75,0.15,0.18,0.00,0.00,0.75,52.60,1734600551550.0
26.70,0.0,0.0,0.01,0.75,0.15,0.18,0.00,0.00,0.75,52.70,1734600546581.0
26.80,0.0,0.0,0.01,0.67,0.14,0.18,0.00,0.00,0.67,53.00,1734600541713.0
26.80,0.0,0.0,0.01,0.65,0.11,0.15,0.00,0.00,0.65,53.10,1734600536661.0
26.80,0.0,0.0,0.01,0.78,0.15,0.18,0.00,0.00,0.78,53.40,1734600531478.0
26.80,0.0,0.0,0.01,0.65,0.12,0.15,0.00,0.00,0.65,53.60,1734600526426.0
26.90,0.0,0.0,0.01,0.84,0.17,0.20,0.00,0.00,0.84,53.70,1734600521020.0
26.90,0.0,0.0,0.01,0.81,0.17,0.19,0.00,0.00,0.81,53.90,1734600516070.0
26.90,0.0,0.0,0.01,0.75,0.12,0.15,0.00,0.00,0.75,54.00,1734600511025.0
26.90,0.0,0.0,0.01,0.84,0.18,0.20,0.00,0.00,0.84,54.10,1734600505822.0
26.90,0.0,0.0,0.01,0.78,0.18,0.22,0.00,0.00,0.78,54.30,1734600501142.0
26.90,0.0,0.0,0.01,0.87,0.18,0.21,0.00,0.00,0.87,54.40,1734600495584.0
27.00,0.0,0.0,0.01,0.73,0.12,0.16,0.00,0.00,0.73,54.60,1734600490627.0
27.00,0.0,0.0,0.01,0.90,0.19,0.22,0.00,0.00,0.9,54.60,1734600485591.0
27.00,0.0,0.0,0.01,0.90,0.19,0.23,0.00,0.00,0.9,54.70,1734600480655.0
27.00,0.0,0.0,0.01,0.78,0.18,0.23,0.00,0.00,0.78,54.80,1734600475577.0
27.00,0.0,0.0,0.02,0.90,0.20,0.24,0.00,0.00,0.9,54.90,1734600470343.0
27.10,0.0,0.0,0.01,0.90,0.19,0.23,0.00,0.00,0.9,55.00,1734600465323.0
27.10,0.0,0.0,0.02,0.87,0.21,0.25,0.00,0.00,0.87,55.10,1734600460524.0
27.10,0.0,0.0,0.02,0.90,0.20,0.23,0.00,0.00,0.9,55.20,1734600455385.0
27.10,0.0,0.0,0.02,0.90,0.20,0.24,0.00,0.00,0.9,55.30,1734600450271.0
27.10,0.0,0.0,0.02,0.94,0.20,0.24,0.00,0.00,0.94,55.40,1734600445138.0
27.20,0.0,0.0,0.02,0.90,0.20,0.24,0.00,0.00,0.9,55.50,1734600440021.0
27.20,0.0,0.0,0.01,0.70,0.13,0.18,0.00,0.00,0.7,55.70,1734600434899.0
27.20,0.0,0.0,0.01,0.70,0.13,0.18,0.00,0.00,0.7,55.80,1734600429820.0
27.20,0.0,0.0,0.02,0.90,0.20,0.24,0.00,0.00,0.9,55.80,1734600424982.0
27.20,0.0,0.0,0.01,0.73,0.13,0.18,0.00,0.00,0.73,56.00,1734600419590.0
27.20,0.0,0.0,0.02,0.94,0.20,0.25,0.00,0.00,0.94,56.20,1734600414431.0
27.30,0.0,0.0,0.01,0.87,0.20,0.23,0.00,0.00,0.87,56.40,1734600409349.0
27.30,0.0,0.0,0.01,0.75,0.15,0.21,0.00,0.00,0.75,56.40,1734600404192.0
27.30,0.0,0.0,0.01,0.75,0.13,0.18,0.00,0.00,0.75,56.50,1734600399142.0
27.30,0.0,0.0,0.01,0.73,0.13,0.18,0.00,0.00,0.73,56.60,1734600394003.0
27.30,0.0,0.0,0.01,0.70,0.13,0.19,0.00,0.00,0.7,56.60,1734600389074.0
27.30,0.0,0.0,0.01,0.75,0.13,0.18,0.00,0.00,0.75,56.70,1734600384024.0
27.40,0.0,0.0,0.01,0.87,0.14,0.20,0.00,0.00,0.87,56.80,1734600378922.0
27.40,0.0,0.0,0.02,1.04,0.22,0.27,0.00,0.00,1.04,56.90,1734600374085.0
27.40,0.0,0.0,0.01,0.81,0.16,0.21,0.00,0.00,0.81,56.90,1734600368985.0
27.40,0.0,0.0,0.02,1.04,0.18,0.23,0.00,0.00,1.04,56.90,1734600363860.0
27.40,0.0,0.0,0.01,1.00,0.18,0.22,0.00,0.00,1,56.80,1734600358447.0
27.50,0.0,0.0,0.02,1.04,0.24,0.29,0.00,0.00,1.04,57.00,1734600353460.0
27.50,0.0,0.0,0.02,0.90,0.22,0.29,0.00,0.00,0.9,57.00,1734600348221.0
27.50,0.0,0.0,0.01,0.87,0.20,0.27,0.00,0.00,0.87,57.10,1734600343472.0
27.50,0.0,0.0,0.02,1.04,0.19,0.24,0.00,0.00,1.04,57.10,1734600338119.0
27.60,0.0,0.0,0.02,1.04,0.24,0.29,0.00,0.00,1.04,57.10,1734600333414.0
27.60,0.0,0.0,0.02,1.07,0.23,0.29,0.00,0.00,1.07,57.00,1734600328331.0
27.60,0.0,0.0,0.02,1.11,0.25,0.30,0.00,0.00,1.11,57.00,1734600322911.0
27.60,0.0,0.0,0.02,1.04,0.22,0.28,0.00,0.00,1.04,57.10,1734600317779.0
27.60,0.0,0.0,0.02,1.04,0.22,0.28,0.00,0.00,1.04,57.20,1734600312703.0
27.60,0.0,0.0,0.02,1.07,0.22,0.28,0.00,0.00,1.07,57.30,1734600307855.0
27.70,0.0,0.0,0.02,1.11,0.24,0.30,0.00,0.00,1.11,57.40,1734600302701.0
27.70,0.0,0.0,0.02,1.04,0.23,0.29,0.00,0.00,1.04,57.60,1734600297620.0
27.70,0.0,0.0,0.01,0.84,0.16,0.23,0.00,0.00,0.84,57.60,1734600292828.0
27.70,0.0,0.0,0.02,1.07,0.23,0.30,0.00,0.00,1.07,57.70,1734600287268.0
27.70,0.0,0.0,0.02,1.11,0.24,0.30,0.00,0.00,1.11,57.80,1734600282190.0
27.70,0.0,0.0,0.01,0.84,0.16,0.25,0.00,0.00,0.84,57.90,1734600277156.0
27.80,0.0,0.0,0.02,1.07,0.19,0.26,0.00,0.00,1.07,58.00,1734600272173.0
27.80,0.0,0.0,0.02,1.04,0.23,0.30,0.00,0.00,1.04,58.10,1734600267237.0
27.80,0.0,0.0,0.01,0.84,0.16,0.23,0.00,0.00,0.84,58.20,1734600261899.0
27.80,0.0,0.0,0.02,1.07,0.23,0.30,0.00,0.00,1.07,58.20,1734600256765.0
27.80,0.0,0.0,0.01,0.94,0.17,0.24,0.00,0.00,0.94,58.40,1734600251644.0
27.80,0.0,0.0,0.02,1.11,0.24,0.32,0.00,0.00,1.11,58.40,1734600246730.0
27.80,0.0,0.0,0.02,1.07,0.24,0.31,0.00,0.00,1.07,58.50,1734600241496.0
27.80,0.0,0.0,0.02,1.14,0.25,0.32,0.00,0.00,1.14,58.60,1734600236494.0
27.80,0.0,0.0,0.02,1.11,0.26,0.32,0.00,0.00,1.11,58.80,1734600231382.0
27.90,0.0,0.0,0.02,1.04,0.19,0.26,0.00,0.00,1.04,58.90,1734600226229.0
27.90,0.0,0.0,0.02,1.14,0.25,0.34,0.00,0.00,1.14,59.10,1734600221311.0
27.90,0.0,0.0,0.02,1.18,0.25,0.34,0.00,0.00,1.18,59.20,1734600216195.0
27.90,0.0,0.0,0.02,1.14,0.26,0.34,0.00,0.00,1.14,59.30,1734600211091.0
27.90,0.0,0.0,0.02,1.21,0.26,0.35,0.00,0.00,1.21,59.40,1734600205914.0
27.90,0.0,0.0,0.02,1.21,0.26,0.35,0.00,0.00,1.21,59.50,1734600201040.0
27.90,0.0,0.0,0.02,1.11,0.26,0.35,0.00,0.00,1.11,59.60,1734600195744.0
27.90,0.0,0.0,0.03,1.25,0.28,0.37,0.00,0.00,1.25,59.70,1734600190826.0
27.90,0.0,0.0,0.02,1.14,0.25,0.34,23.80,60.76,60.76,59.90,1734600184615.0
27.90,0.0,0.0,0.01,0.94,0.19,0.29,0.00,0.00,0.94,60.00,1734600180547.0
27.90,0.0,0.0,0.02,1.18,0.25,0.32,0.00,0.00,1.18,60.30,1734600175435.0
27.90,0.0,0.0,0.01,0.94,0.17,0.26,0.00,0.00,0.94,60.50,1734600170532.0
27.90,0.0,0.0,0.02,1.14,0.24,0.32,0.00,0.00,1.14,60.70,1734600165254.0
28.00,0.0,0.0,0.01,1.00,0.17,0.25,0.00,0.00,1,61.00,1734600160279.0
27.90,0.0,0.0,0.02,1.14,0.24,0.34,0.00,0.00,1.14,61.30,1734600155119.0
27.90,0.0,0.0,0.02,1.14,0.24,0.34,23.90,64.22,64.22,61.50,1734600149256.0
28.00,0.0,0.0,0.02,1.14,0.24,0.35,0.00,0.00,1.14,61.80,1734600145124.0
28.00,0.0,0.0,0.01,0.90,0.16,0.27,24.68,64.34,64.34,62.00,1734600138905.0
27.90,0.0,0.0,0.02,1.18,0.23,0.35,0.00,0.00,1.18,62.10,1734600134904.0
27.90,0.0,0.0,0.02,1.18,0.24,0.34,0.00,0.00,1.18,62.30,1734600129718.0
27.90,0.0,0.0,0.02,1.18,0.24,0.35,25.61,66.28,66.28,62.40,1734600123831.0
27.90,0.0,0.0,0.02,1.18,0.24,0.35,0.00,0.00,1.18,62.40,1734600119589.0
27.90,0.0,0.0,0.02,1.18,0.24,0.35,25.86,63.87,63.87,62.60,1734600113613.0
27.90,0.0,0.0,0.01,0.94,0.18,0.30,0.00,0.00,0.94,62.60,1734600109459.0
27.90,0.0,0.0,0.01,0.94,0.16,0.28,25.42,63.70,63.7,62.70,1734600103554.0
27.90,0.0,0.0,0.02,1.18,0.24,0.36,0.00,0.00,1.18,62.70,1734600099313.0
27.90,0.0,0.0,0.02,1.14,0.25,0.36,0.00,0.00,1.14,62.80,1734600094346.0
27.90,0.0,0.0,0.02,1.18,0.23,0.36,0.00,0.00,1.18,62.80,1734600089227.0
27.90,0.0,0.0,0.01,1.00,0.20,0.35,0.00,0.00,1,62.80,1734600084080.0
27.90,0.0,0.0,0.02,1.21,0.24,0.37,0.00,0.00,1.21,62.90,1734600079210.0
27.80,0.0,0.0,0.02,1.18,0.24,0.36,0.00,0.00,1.18,63.00,1734600074080.0
27.90,0.0,0.0,0.01,0.90,0.16,0.29,0.00,0.00,0.9,63.00,1734600068824.0
27.90,0.0,0.0,0.02,1.18,0.24,0.37,0.00,0.00,1.18,63.00,1734600063829.0
27.80,0.0,0.0,0.02,1.18,0.24,0.37,25.61,59.35,59.35,63.10,1734600057717.0
27.80,0.0,0.0,0.01,0.94,0.16,0.29,0.00,0.00,0.94,63.10,1734600053799.0
27.80,0.0,0.0,0.02,1.14,0.23,0.37,25.22,57.77,57.77,63.10,1734600047574.0
27.80,0.0,0.0,0.01,0.97,0.20,0.35,0.00,0.00,0.97,63.10,1734600043551.0
27.80,0.0,0.0,0.01,0.94,0.18,0.32,0.00,0.00,0.94,63.00,1734600038389.0
27.80,0.0,0.0,0.01,0.94,0.17,0.30,25.32,58.77,58.77,63.10,1734600032484.0
27.80,0.0,0.0,0.02,1.07,0.21,0.35,0.00,0.00,1.07,63.00,1734600028423.0
27.80,0.0,0.0,0.02,1.00,0.15,0.28,25.61,62.40,62.4,63.10,1734600022237.0
27.80,0.0,0.0,0.04,1.07,0.21,0.36,0.00,0.00,1.07,63.10,1734600018177.0
27.70,0.0,0.0,0.04,0.90,0.17,0.34,26.88,63.46,63.46,63.10,1734600012068.0
27.70,0.0,0.0,0.43,1.07,0.21,0.36,0.00,0.00,1.07,63.10,1734600008109.0
27.70,0.0,0.0,0.83,1.07,0.21,0.37,27.86,67.74,67.74,63.10,1734600001941.0
27.70,0.0,0.0,0.48,1.07,0.21,0.37,0.00,0.00,1.07,63.10,1734599997881.0
27.70,0.0,0.0,0.51,0.90,0.20,0.39,0.00,0.00,0.9,63.20,1734599992963.0
27.70,0.0,0.0,0.60,0.81,0.14,0.32,0.00,0.00,0.81,63.10,1734599989261.0
27.70,0.0,0.0,0.78,0.84,0.16,0.35,0.00,0.00,0.84,63.20,1734599985410.0
27.70,0.0,0.0,0.95,1.04,0.21,0.40,0.00,0.00,1.04,63.20,1734599977625.0
27.70,0.0,0.0,0.46,0.94,0.15,0.32,0.00,0.00,0.94,63.10,1734599972505.0
27.70,0.0,0.0,0.54,1.07,0.22,0.42,27.52,60.41,60.41,63.20,1734599966388.0
27.70,0.0,0.0,0.85,1.04,0.21,0.42,0.00,0.00,1.04,63.30,1734599962422.0
27.70,0.0,0.0,0.95,1.07,0.21,0.43,27.66,63.05,63.05,63.20,1734599956341.0
27.70,0.0,0.0,0.76,0.94,0.21,0.45,0.00,0.00,0.94,63.20,1734599952301.0
27.60,0.0,0.0,0.46,0.84,0.14,0.37,0.00,0.00,0.84,63.30,1734599947219.0
27.70,0.0,0.0,0.60,1.07,0.21,0.46,26.49,62.29,62.29,63.20,1734599941162.0
27.70,0.0,0.0,0.76,1.07,0.19,0.40,0.00,0.00,1.07,63.30,1734599937308.0
27.60,0.0,0.0,0.40,1.07,0.21,0.48,25.76,62.29,62.29,63.30,1734599930932.0
27.60,0.0,0.0,0.08,1.07,0.21,0.49,0.00,0.00,1.07,63.30,1734599926895.0
27.60,0.0,0.0,0.40,1.04,0.22,0.49,22.83,56.60,56.6,63.30,1734599920878.0
27.60,0.0,0.0,0.42,1.07,0.21,0.53,0.00,0.00,1.07,63.20,1734599916660.0
27.60,0.0,0.0,0.01,0.87,0.15,0.46,20.92,54.84,54.84,63.30,1734599910658.0
27.60,0.0,0.0,0.03,1.07,0.21,0.56,0.00,0.00,1.07,63.30,1734599906589.0
27.60,0.0,0.0,0.03,1.11,0.22,0.58,0.00,0.00,1.11,63.40,1734599901621.0
27.60,0.0,0.0,0.03,1.11,0.22,0.60,0.00,0.00,1.11,63.40,1734599896544.0
27.50,0.0,0.0,0.01,1.11,0.21,0.62,0.00,0.00,1.11,63.40,1734599891298.0
27.60,0.0,0.0,0.01,1.11,0.21,0.65,0.00,0.00,1.11,63.40,1734599886281.0
27.50,0.0,0.0,0.04,1.14,0.22,0.67,0.00,0.00,1.14,63.30,1734599881182.0
27.50,0.0,0.0,0.04,1.14,0.21,0.65,18.82,46.57,46.57,63.40,1734599875086.0
27.50,0.0,0.0,0.01,0.94,0.16,0.63,0.00,0.00,0.94,63.30,1734599871381.0
27.50,0.0,0.0,0.02,1.18,0.23,0.76,18.33,44.52,44.52,63.40,1734599865296.0
27.50,0.0,0.0,0.02,1.25,0.26,0.93,0.00,0.00,1.25,63.40,1734599861140.0
27.50,0.0,0.0,0.02,1.25,0.26,0.98,0.00,0.00,1.25,63.50,1734599855758.0
27.50,0.0,0.0,0.02,1.33,0.25,1.00,19.65,45.69,45.69,63.60,1734599849722.0
27.50,0.0,0.0,0.01,1.00,0.19,0.98,0.00,0.00,1,63.80,1734599845791.0
27.50,0.0,0.0,0.02,1.29,0.28,1.27,27.03,59.77,59.77,63.80,1734599840026.0
27.50,0.0,0.0,0.02,1.07,0.22,1.34,0.00,0.00,1.34,64.00,1734599835860.0
27.50,0.0,0.0,0.02,1.29,0.25,1.59,41.15,96.54,96.54,64.20,1734599829806.0
27.50,0.0,0.0,0.02,1.07,0.23,1.96,0.00,0.00,1.96,64.30,1734599825358.0
27.50,0.0,0.0,0.02,1.07,0.22,2.77,35.78,87.57,87.57,64.50,1734599819545.0
27.50,0.0,0.0,0.02,1.18,0.24,5.53,0.00,0.00,5.53,64.70,1734599815224.0
27.50,0.0,0.0,0.01,1.07,0.21,38.01,0.00,0.00,38.01,65.00,1734599810101.0
27.50,0.0,0.0,0.02,1.25,0.26,2.14,0.00,0.00,2.14,65.20,1734599805139.0
27.50,0.0,0.0,1.62,1.18,0.23,1.15,0.00,0.00,1.62,65.10,1734599800341.0
27.50,0.0,0.0,0.01,0.94,0.16,1.12,0.00,0.00,1.12,64.50,1734599794941.0
27.60,0.0,0.0,0.01,1.00,0.19,1.70,0.00,0.00,1.7,64.00,1734599789953.0
27.60,0.0,0.0,0.01,1.07,0.20,3.82,16.08,41.88,41.88,64.30,1734599783781.0
27.60,0.0,0.0,0.01,0.87,0.16,7.18,0.00,0.00,7.18,64.30,1734599779701.0
27.50,0.0,0.0,0.01,0.94,0.17,0.26,16.08,39.82,39.82,64.80,1734599773627.0
27.50,0.0,0.0,0.01,0.94,0.15,0.22,0.00,0.00,0.94,65.60,1734599769942.0
27.30,0.0,0.0,0.01,0.87,0.12,0.20,0.00,0.00,0.87,66.30,1734599764489.0
27.10,0.0,0.0,0.01,0.90,0.15,0.24,15.93,41.88,41.88,66.90,1734599758740.0
26.80,0.0,0.0,0.01,0.84,0.16,0.24,0.00,0.00,0.84,67.30,1734599754573.0
26.70,0.0,0.0,0.01,0.81,0.13,0.23,16.08,39.53,39.53,67.70,1734599748557.0
26.70,0.0,0.0,0.01,0.84,0.11,0.19,0.00,0.00,0.84,67.80,1734599744148.0
26.60,0.0,0.0,0.01,0.94,0.15,0.24,16.18,40.41,40.41,66.90,1734599738580.0
26.60,0.0,0.0,0.01,0.94,0.16,0.24,0.00,0.00,0.94,66.40,1734599734111.0
26.60,0.0,0.0,0.01,0.87,0.13,0.21,15.98,41.00,41,66.30,1734599727934.0
26.60,0.0,0.0,0.01,0.84,0.13,0.21,0.00,0.00,0.84,66.20,1734599724181.0
26.60,0.0,0.0,0.01,0.84,0.13,0.22,0.00,0.00,0.84,66.20,1734599718780.0
26.60,0.0,0.0,0.01,0.84,0.13,0.21,0.00,0.00,0.84,66.00,1734599713872.0
26.60,0.0,0.0,0.00,0.70,0.09,0.17,0.00,0.00,0.7,65.90,1734599708652.0
26.60,0.0,0.0,0.01,0.84,0.13,0.22,0.00,0.00,0.84,65.60,1734599703722.0
26.60,0.0,0.0,0.00,0.73,0.09,0.18,0.00,0.00,0.73,65.40,1734599698619.0
26.60,0.0,0.0,0.01,0.87,0.13,0.22,16.08,38.36,38.36,65.30,1734599692537.0
26.60,0.0,0.0,0.01,0.87,0.13,0.22,0.00,0.00,0.87,65.10,1734599688659.0
26.60,0.0,0.0,0.00,0.75,0.10,0.18,15.64,35.72,35.72,65.20,1734599682254.0
26.60,0.0,0.0,0.01,0.87,0.13,0.22,0.00,0.00,0.87,65.30,1734599678259.0
26.60,0.0,0.0,0.01,0.87,0.13,0.22,0.00,0.00,0.87,65.40,1734599673102.0
26.60,0.0,0.0,0.01,0.87,0.10,0.18,15.74,36.83,36.83,65.60,1734599667243.0
26.60,0.0,0.0,0.01,0.87,0.13,0.22,0.00,0.00,0.87,65.80,1734599663381.0
26.60,0.0,0.0,0.01,0.87,0.13,0.21,16.03,37.83,37.83,65.90,1734599657010.0
26.60,0.0,0.0,0.01,0.84,0.13,0.22,0.00,0.00,0.84,66.00,1734599653028.0
26.60,0.0,0.0,0.00,0.73,0.10,0.20,15.93,37.65,37.65,66.10,1734599647070.0
26.60,0.0,0.0,0.01,0.84,0.13,0.22,0.00,0.00,0.84,66.30,1734599642702.0
26.60,0.0,0.0,0.00,0.73,0.09,0.18,16.23,39.18,39.18,66.40,1734599636614.0
26.60,0.0,0.0,0.01,0.87,0.12,0.20,0.00,0.00,0.87,66.50,1734599632779.0
26.60,0.0,0.0,0.01,0.87,0.13,0.22,0.00,0.00,0.87,66.40,1734599627612.0
26.60,0.0,0.0,0.00,0.73,0.09,0.18,0.00,0.00,0.73,66.30,1734599622411.0
26.60,0.0,0.0,0.01,0.84,0.13,0.23,0.00,0.00,0.84,66.20,1734599617299.0
26.60,0.0,0.0,0.00,0.78,0.09,0.18,0.00,0.00,0.78,66.20,1734599612524.0
26.60,0.0,0.0,0.00,0.73,0.10,0.19,0.00,0.00,0.73,66.20,1734599607179.0
26.60,0.0,0.0,0.01,0.87,0.13,0.23,15.84,38.06,38.06,66.10,1734599601620.0
26.60,0.0,0.0,0.00,0.84,0.10,0.18,0.00,0.00,0.84,66.10,1734599597475.0
26.60,0.0,0.0,0.01,0.87,0.13,0.23,15.74,39.65,39.65,66.20,1734599591004.0
26.60,0.0,0.0,0.00,0.73,0.09,0.18,0.00,0.00,0.73,66.20,1734599587214.0
26.60,0.0,0.0,0.01,0.87,0.12,0.20,0.00,0.00,0.87,66.10,1734599581933.0
26.60,0.0,0.0,0.01,0.87,0.13,0.23,15.69,41.76,41.76,66.00,1734599575751.0
26.60,0.0,0.0,0.01,0.87,0.13,0.23,0.00,0.00,0.87,66.00,1734599571772.0
26.60,0.0,0.0,0.01,0.87,0.13,0.23,15.64,41.70,41.7,66.00,1734599565630.0
26.60,0.0,0.0,0.00,0.78,0.12,0.23,0.00,0.00,0.78,65.90,1734599561504.0
26.60,0.0,0.0,0.00,0.75,0.10,0.21,16.03,36.66,36.66,65.80,1734599555483.0
26.60,0.0,0.0,0.01,0.87,0.13,0.23,0.00,0.00,0.87,65.60,1734599551380.0
26.60,0.0,0.0,0.01,0.87,0.13,0.22,15.64,37.54,37.54,65.70,1734599545627.0
26.60,0.0,0.0,0.00,0.84,0.10,0.18,0.00,0.00,0.84,65.70,1734599541791.0
26.60,0.0,0.0,0.00,0.73,0.09,0.18,0.00,0.00,0.73,65.50,1734599536199.0
26.60,0.0,0.0,0.00,0.73,0.09,0.20,0.00,0.00,0.73,65.50,1734599525991.0
26.70,0.0,0.0,0.01,0.87,0.13,0.23,0.00,0.00,0.87,65.40,1734599520989.0
26.60,0.0,0.0,0.01,0.87,0.13,0.23,0.00,0.00,0.87,65.40,1734599515865.0
26.70,0.0,0.0,0.01,0.87,0.13,0.22,15.35,41.06,41.06,65.40,1734599509845.0
26.70,0.0,0.0,0.00,0.81,0.12,0.23,0.00,0.00,0.81,65.30,1734599505690.0
26.70,0.0,0.0,0.00,0.81,0.12,0.23,15.40,41.76,41.76,65.10,1734599499853.0
26.70,0.0,0.0,0.01,0.90,0.12,0.23,0.00,0.00,0.9,64.90,1734599495743.0
26.70,0.0,0.0,0.01,0.90,0.12,0.22,0.00,0.00,0.9,64.70,1734599490620.0
26.70,0.0,0.0,0.00,0.75,0.09,0.19,15.84,43.46,43.46,64.50,1734599484493.0
26.70,0.0,0.0,0.01,0.87,0.13,0.24,0.00,0.00,0.87,64.50,1734599480582.0
26.70,0.0,0.0,0.01,0.90,0.13,0.24,15.74,41.82,41.82,64.20,1734599474258.0
26.80,0.0,0.0,0.00,0.78,0.09,0.20,0.00,0.00,0.78,64.00,1734599470428.0
26.80,0.0,0.0,0.01,0.90,0.13,0.24,15.49,40.88,40.88,63.90,1734599464339.0
26.80,0.0,0.0,0.01,0.90,0.13,0.24,0.00,0.00,0.9,63.80,1734599460180.0
26.80,0.0,0.0,0.00,0.75,0.09,0.20,15.25,39.12,39.12,63.60,1734599454098.0
26.80,0.0,0.0,0.00,0.90,0.10,0.21,0.00,0.00,0.9,63.70,1734599449954.0
26.80,0.0,0.0,0.01,0.90,0.13,0.24,0.00,0.00,0.9,63.50,1734599444982.0
26.90,0.0,0.0,0.01,0.94,0.12,0.23,0.00,0.00,0.94,63.40,1734599440021.0
26.90,0.0,0.0,0.00,0.78,0.09,0.21,0.00,0.00,0.78,63.00,1734599434899.0
26.90,0.0,0.0,0.01,0.94,0.13,0.25,0.00,0.00,0.94,62.80,1734599429596.0
26.90,0.0,0.0,0.01,0.97,0.13,0.25,0.00,0.00,0.97,62.80,1734599424655.0
26.90,0.0,0.0,0.00,0.81,0.09,0.20,17.69,45.51,45.51,62.70,1734599418596.0
27.00,0.0,0.0,0.01,0.94,0.13,0.26,0.00,0.00,0.94,62.60,1734599414369.0
27.00,0.0,0.0,0.00,0.84,0.10,0.24,18.87,46.92,46.92,62.60,1734599408503.0
27.00,0.0,0.0,0.01,0.97,0.13,0.26,0.00,0.00,0.97,62.70,1734599404500.0
27.00,0.0,0.0,0.01,0.97,0.13,0.26,0.00,0.00,0.97,62.90,1734599399378.0
27.00,0.0,0.0,0.00,0.84,0.10,0.24,19.31,49.03,49.03,63.10,1734599393298.0
27.00,0.0,0.0,0.00,1.00,0.10,0.23,0.00,0.00,1,63.00,1734599389219.0
27.00,0.0,0.0,0.01,0.94,0.13,0.27,18.96,47.10,47.1,62.40,1734599383124.0
27.10,0.0,0.0,0.01,1.00,0.13,0.27,0.00,0.00,1,62.30,1734599378982.0
27.10,0.0,0.0,0.01,0.97,0.13,0.27,18.57,49.85,49.85,62.30,1734599372820.0
27.10,0.0,0.0,0.00,0.81,0.09,0.24,0.00,0.00,0.81,62.40,1734599369303.0
27.10,0.0,0.0,0.00,0.87,0.09,0.23,18.67,50.38,50.38,62.40,1734599362675.0
27.10,0.0,0.0,0.00,0.90,0.09,0.24,0.00,0.00,0.9,62.60,1734599358702.0
27.10,0.0,0.0,0.01,1.00,0.13,0.29,0.00,0.00,1,62.80,1734599353964.0
27.10,0.0,0.0,0.00,0.94,0.10,0.26,0.00,0.00,0.94,62.90,1734599348662.0
27.10,0.0,0.0,0.00,0.94,0.10,0.26,0.00,0.00,0.94,61.40,1734599343700.0
27.00,0.0,0.0,0.01,1.11,0.15,0.34,0.00,0.00,1.11,60.90,1734599338586.0
27.00,0.0,0.0,0.01,1.37,0.25,0.48,0.00,0.00,1.37,60.30,1734599333445.0
26.90,0.0,0.0,0.00,0.78,0.07,0.22,17.94,52.38,52.38,59.80,1734599327221.0
27.00,0.0,0.0,0.56,2.04,0.41,0.65,0.00,0.00,2.04,59.60,1734599323066.0
26.90,0.0,0.0,0.02,1.66,0.28,0.51,17.99,51.79,51.79,59.50,1734599317468.0
26.90,0.0,0.0,0.02,1.66,0.28,0.51,0.00,0.00,1.66,59.40,1734599313020.0
26.90,0.0,0.0,0.02,1.66,0.28,0.51,0.00,0.00,1.66,59.30,1734599308192.0
26.90,0.0,0.0,0.02,1.66,0.28,0.53,17.45,51.26,51.26,59.30,1734599302101.0
26.90,0.0,0.0,0.02,1.62,0.23,0.45,0.00,0.00,1.62,59.00,1734599298297.0
26.90,0.0,0.0,0.02,1.66,0.29,0.53,17.01,47.92,47.92,58.70,1734599292178.0
26.90,0.0,0.0,0.02,1.45,0.24,0.49,0.00,0.00,1.45,58.50,1734599288032.0
26.90,0.0,0.0,0.02,1.71,0.29,0.53,15.93,44.46,44.46,58.10,1734599281619.0
26.80,0.0,0.0,0.02,1.58,0.28,0.54,0.00,0.00,1.58,57.40,1734599277619.0
26.80,0.0,0.0,0.02,1.75,0.29,0.53,16.37,46.16,46.16,57.30,1734599271351.0
26.90,0.0,0.0,0.02,1.71,0.29,0.53,0.00,0.00,1.71,57.30,1734599267626.0
26.90,0.0,0.0,0.02,1.75,0.25,0.49,0.00,0.00,1.75,57.30,1734599262259.0
26.90,0.0,0.0,0.01,1.49,0.23,0.48,0.00,0.00,1.49,57.30,1734599257354.0
26.90,0.0,0.0,0.02,1.80,0.29,0.54,0.00,0.00,1.8,57.20,1734599252071.0
26.90,0.0,0.0,0.02,1.80,0.30,0.54,0.00,0.00,1.8,57.20,1734599247310.0
26.90,0.0,0.0,0.02,1.75,0.28,0.56,0.00,0.00,1.75,57.20,1734599241983.0
26.90,0.0,0.0,0.02,1.80,0.29,0.56,17.01,46.22,46.22,57.10,1734599235851.0
26.90,0.0,0.0,0.02,1.53,0.25,0.54,0.00,0.00,1.53,57.10,1734599231999.0
26.90,0.0,0.0,0.02,1.80,0.29,0.56,17.50,51.44,51.44,57.10,1734599225774.0
26.90,0.0,0.0,0.03,1.80,0.25,0.49,0.00,0.00,1.8,57.00,1734599221574.0
26.90,0.0,0.0,0.16,1.80,0.29,0.58,0.00,0.00,1.8,57.10,1734599217472.0
26.90,0.0,0.0,0.16,1.85,0.30,0.58,17.99,57.01,57.01,57.10,1734599210433.0
26.90,0.0,0.0,0.48,1.62,0.28,0.60,0.00,0.00,1.62,57.10,1734599206548.0
26.90,0.0,0.0,0.27,1.53,0.21,0.48,18.13,55.78,55.78,57.20,1734599200437.0
26.90,0.0,0.0,0.48,1.85,0.30,0.60,0.00,0.00,1.85,57.20,1734599196323.0
26.90,0.0,0.0,0.26,1.58,0.21,0.49,17.74,51.50,51.5,57.20,1734599190430.0
26.90,0.0,0.0,0.20,1.90,0.30,0.63,0.00,0.00,1.9,57.20,1734599186261.0
26.80,0.0,0.0,0.19,1.71,0.22,0.49,17.25,48.91,48.91,57.00,1734599180181.0
26.80,0.0,0.0,0.14,1.90,0.30,0.63,0.00,0.00,1.9,56.90,1734599176341.0
26.80,0.0,0.0,0.10,1.62,0.21,0.51,0.00,0.00,1.62,56.50,1734599170938.0
26.80,0.0,0.0,0.14,1.62,0.22,0.53,0.00,0.00,1.62,56.10,1734599165779.0
26.80,0.0,0.0,0.14,1.94,0.30,0.65,17.35,46.45,46.45,56.00,1734599159839.0
26.80,0.0,0.0,0.06,1.80,0.22,0.53,17.25,46.28,46.28,56.00,1734599154630.0
26.80,0.0,0.0,0.04,1.66,0.22,0.54,0.00,0.00,1.66,56.00,1734599150621.0
26.80,0.0,0.0,0.04,1.71,0.23,0.58,17.55,48.68,48.68,56.00,1734599144520.0
26.80,0.0,0.0,0.40,1.66,0.21,0.56,0.00,0.00,1.66,56.10,1734599140593.0
26.80,0.0,0.0,0.02,1.71,0.23,0.58,17.30,46.74,46.74,56.00,1734599134446.0
26.80,0.0,0.0,0.67,2.09,0.32,0.69,17.25,47.68,47.68,56.00,1734599129337.0
26.90,0.0,0.0,0.69,1.94,0.30,0.72,17.20,49.21,49.21,56.10,1734599124446.0
26.90,0.0,0.0,0.78,2.20,0.32,0.74,17.40,53.43,53.43,56.10,1734599119206.0
26.90,0.0,0.0,0.60,1.85,0.26,0.69,0.00,0.00,1.85,56.10,1734599115201.0
26.80,0.0,0.0,0.65,2.25,0.32,0.76,17.55,50.67,50.67,56.10,1734599109067.0
26.90,0.0,0.0,0.62,2.25,0.33,0.78,0.00,0.00,2.25,56.20,1734599105196.0
26.80,0.0,0.0,0.53,1.94,0.23,0.65,18.23,54.43,54.43,56.20,1734599098905.0
26.90,0.0,0.0,0.45,1.99,0.23,0.65,17.89,51.32,51.32,56.30,1734599093890.0
26.90,0.0,0.0,0.49,2.41,0.33,0.80,17.74,49.91,49.91,56.30,1734599088980.0
26.90,0.0,0.0,0.01,1.94,0.21,0.67,17.55,51.44,51.44,56.50,1734599083778.0
26.90,0.0,0.0,0.01,1.99,0.22,0.72,0.00,0.00,1.99,56.60,1734599079771.0
26.90,0.0,0.0,0.01,2.04,0.22,0.72,0.00,0.00,2.04,56.90,1734599074610.0
26.90,0.0,0.0,0.01,2.15,0.24,0.83,0.00,0.00,2.15,57.00,1734599069545.0
26.90,0.0,0.0,0.01,2.36,0.22,0.80,17.35,47.62,47.62,57.00,1734599063500.0
26.90,0.0,0.0,0.02,2.58,0.30,0.98,17.69,47.68,47.68,57.10,1734599058504.0
26.90,0.0,0.0,0.01,2.25,0.21,0.85,17.94,46.22,46.22,57.10,1734599053286.0
26.90,0.0,0.0,0.02,2.58,0.25,0.90,18.38,47.51,47.51,57.20,1734599048436.0
27.00,0.0,0.0,0.04,6.85,0.36,2.44,17.84,46.39,46.39,57.40,1734598982580.0
27.00,0.0,0.0,0.07,8.81,0.59,3.60,17.84,46.33,46.33,57.40,1734598978734.0
27.00,0.0,0.0,0.04,9.58,0.36,3.46,17.89,46.57,46.57,57.50,1734598975936.0
27.00,0.0,0.0,0.03,23.53,0.22,1.87,15.49,37.30,37.3,57.60,1734598959196.0
27.20,0.0,0.0,0.00,0.84,0.05,0.09,0.00,0.00,0.84,45.40,1734588276706.0
27.20,0.0,0.0,0.00,0.97,0.07,0.11,38.95,79.30,79.3,45.60,1734588270620.0
27.10,0.0,0.0,0.00,1.00,0.07,0.11,38.76,79.82,79.82,45.70,1734588265435.0
27.00,0.0,0.0,0.00,1.00,0.07,0.11,38.03,78.94,78.94,45.70,1734588260329.0
27.00,0.0,0.0,0.00,1.00,0.05,0.09,38.22,79.53,79.53,45.80,1734588255405.0
26.90,0.0,0.0,0.00,1.04,0.07,0.12,0.00,0.00,1.04,45.80,1734588251207.0
26.90,0.0,0.0,0.00,1.04,0.06,0.10,37.63,82.11,82.11,46.00,1734588245368.0
26.80,0.0,0.0,0.00,1.00,0.05,0.10,0.00,0.00,1,46.10,1734588241139.0
26.70,0.0,0.0,0.00,1.11,0.07,0.13,37.68,83.64,83.64,46.10,1734588235143.0
26.70,0.0,0.0,0.00,1.14,0.06,0.12,37.54,82.99,82.99,46.10,1734588229999.0
26.60,0.0,0.0,0.00,1.11,0.07,0.13,37.68,81.52,81.52,46.10,1734588224925.0
26.60,0.0,0.0,0.00,1.07,0.05,0.12,37.10,80.47,80.47,46.20,1734588220002.0
26.60,0.0,0.0,0.00,1.21,0.07,0.14,0.00,0.00,1.21,46.30,1734588216110.0
24.70,0.0,0.0,0.00,0.75,0.05,0.18,56.94,119.41,119.41,50.90,1734584963528.0
24.80,0.0,0.0,0.01,0.73,0.05,0.18,57.28,120.53,120.53,50.80,1734584958508.0
24.70,0.0,0.0,0.00,0.81,0.06,0.20,57.14,119.18,119.18,50.80,1734584953500.0
30.20,18.519400,73.853233,0.00,0.00,0.00,0.00,0.17,32.65,32.65,43.60,1734508704913.0
24.60,0.0,0.0,0.07,2.25,0.59,1.40,0.00,0.00,2.25,61.30,1734493440471.0
24.60,0.0,0.0,0.07,2.20,0.57,1.44,0.00,0.00,2.2,61.30,1734493435452.0
24.60,0.0,0.0,0.03,1.62,0.33,1.03,0.00,0.00,1.62,61.30,1734493430319.0
24.60,0.0,0.0,0.05,1.90,0.55,1.44,0.00,0.00,1.9,61.30,1734493425303.0
24.60,0.0,0.0,0.07,2.25,0.57,1.37,0.00,0.00,2.25,61.40,1734493420192.0
24.60,0.0,0.0,0.07,2.20,0.57,1.40,0.00,0.00,2.2,61.40,1734493415071.0
24.60,0.0,0.0,0.07,2.15,0.55,1.40,0.00,0.00,2.15,61.60,1734493410048.0
24.60,0.0,0.0,0.07,2.20,0.55,1.37,0.00,0.00,2.2,61.60,1734493404876.0
24.60,0.0,0.0,0.04,1.62,0.37,1.15,0.00,0.00,1.62,61.60,1734493399793.0
24.60,0.0,0.0,0.07,2.25,0.55,1.40,0.00,0.00,2.25,61.80,1734493389777.0
24.60,0.0,0.0,0.04,1.75,0.46,1.34,51.32,101.17,101.17,61.80,1734493383627.0
24.60,0.0,0.0,0.07,2.15,0.53,1.30,0.00,0.00,2.15,61.80,1734493379542.0
24.60,0.0,0.0,0.03,1.66,0.32,1.03,0.00,0.00,1.66,61.80,1734493374423.0
24.60,0.0,0.0,0.07,1.94,0.57,1.40,0.00,0.00,1.94,61.80,1734493369402.0
24.60,0.0,0.0,0.03,1.62,0.33,1.03,52.25,106.69,106.69,61.90,1734493363249.0
24.60,0.0,0.0,0.07,2.15,0.57,1.40,0.00,0.00,2.15,61.90,1734493359199.0
24.60,0.0,0.0,0.03,1.62,0.34,1.09,52.35,107.68,107.68,61.90,1734493353123.0
24.60,0.0,0.0,0.07,2.30,0.57,1.40,0.00,0.00,2.3,62.00,1734493349127.0
24.60,0.0,0.0,0.03,1.71,0.33,1.00,0.00,0.00,1.71,62.00,1734493344115.0
24.60,0.0,0.0,0.07,2.25,0.55,1.40,0.00,0.00,2.25,62.00,1734493338884.0
24.60,0.0,0.0,0.04,1.66,0.44,1.30,52.35,106.10,106.1,62.10,1734493332792.0
24.60,0.0,0.0,0.07,2.25,0.55,1.40,0.00,0.00,2.25,62.10,1734493328749.0
24.60,0.0,0.0,0.04,1.99,0.36,1.03,52.44,106.86,106.86,62.10,1734493322662.0
24.50,0.0,0.0,0.07,2.25,0.55,1.40,0.00,0.00,2.25,62.00,1734493318607.0
24.50,0.0,0.0,0.07,2.25,0.55,1.40,0.00,0.00,2.25,62.10,1734493313594.0
24.50,0.0,0.0,0.06,2.20,0.42,1.15,0.00,0.00,2.2,62.20,1734493308405.0
24.50,0.0,0.0,0.03,1.71,0.32,1.00,53.23,108.09,108.09,62.20,1734493302313.0
24.50,0.0,0.0,0.03,1.62,0.33,1.06,0.00,0.00,1.62,62.20,1734493298337.0
24.50,0.0,0.0,0.07,2.25,0.55,1.40,53.03,107.74,107.74,62.20,1734493292179.0
24.50,0.0,0.0,0.06,2.20,0.53,1.40,0.00,0.00,2.2,62.10,1734493288196.0
24.50,0.0,0.0,0.06,2.20,0.53,1.30,0.00,0.00,2.2,62.00,1734493283069.0
24.50,0.0,0.0,0.03,1.75,0.32,1.00,0.00,0.00,1.75,62.00,1734493277957.0
24.50,0.0,0.0,0.03,1.80,0.32,1.00,54.11,108.62,108.62,62.10,1734493271916.0
24.50,0.0,0.0,0.06,2.20,0.55,1.40,0.00,0.00,2.2,62.00,1734493267830.0
24.50,0.0,0.0,0.06,2.20,0.46,1.15,53.86,107.62,107.62,62.10,1734493261777.0
24.50,0.0,0.0,0.07,2.20,0.55,1.40,0.00,0.00,2.2,62.20,1734493257657.0
24.50,0.0,0.0,0.04,2.04,0.39,1.09,0.00,0.00,2.04,62.30,1734493252570.0
24.50,0.0,0.0,0.06,2.20,0.57,1.44,0.00,0.00,2.2,62.20,1734493247551.0
24.50,0.0,0.0,0.07,2.36,0.57,1.47,52.59,104.75,104.75,62.30,1734493241430.0
24.50,0.0,0.0,0.05,1.90,0.51,1.47,0.00,0.00,1.9,62.30,1734493237410.0
24.50,0.0,0.0,0.07,2.41,0.57,1.51,52.39,103.64,103.64,62.30,1734493231281.0
24.40,0.0,0.0,0.06,2.47,0.49,1.27,0.00,0.00,2.47,62.30,1734493227270.0
24.40,0.0,0.0,0.03,1.80,0.36,1.15,0.00,0.00,1.8,62.30,1734493222149.0
24.50,0.0,0.0,0.04,1.85,0.36,1.12,0.00,0.00,1.85,62.30,1734493217028.0
24.50,0.0,0.0,0.04,2.09,0.39,1.18,53.62,107.45,107.45,62.40,1734493210991.0
24.40,0.0,0.0,0.04,1.90,0.47,1.44,0.00,0.00,1.9,62.40,1734493206993.0
24.40,0.0,0.0,0.03,1.71,0.36,1.18,53.71,109.09,109.09,62.30,1734493200856.0
24.40,0.0,0.0,0.07,2.36,0.59,1.55,0.00,0.00,2.36,62.20,1734493196752.0
24.40,0.0,0.0,0.07,2.41,0.59,1.59,0.00,0.00,2.41,62.20,1734493191740.0
24.40,0.0,0.0,0.07,2.41,0.61,1.55,0.00,0.00,2.41,62.30,1734493186621.0
24.40,0.0,0.0,0.08,2.47,0.63,1.59,52.93,104.40,104.4,62.20,1734493180574.0
24.40,0.0,0.0,0.08,2.41,0.61,1.59,0.00,0.00,2.41,62.40,1734493176581.0
24.40,0.0,0.0,0.08,2.36,0.61,1.59,52.93,108.33,108.33,62.50,1734493170366.0
24.40,0.0,0.0,0.07,2.41,0.61,1.62,0.00,0.00,2.41,62.50,1734493166341.0
24.40,0.0,0.0,0.04,1.85,0.47,1.44,0.00,0.00,1.85,62.50,1734493161221.0
24.40,0.0,0.0,0.04,1.85,0.46,1.40,0.00,0.00,1.85,62.60,1734493156293.0
24.40,0.0,0.0,0.08,2.53,0.66,1.70,53.81,109.03,109.03,62.60,1734493150062.0
24.40,0.0,0.0,0.08,2.53,0.66,1.66,0.00,0.00,2.53,62.50,1734493146003.0
24.40,0.0,0.0,0.08,2.53,0.66,1.66,53.62,106.86,106.86,62.60,1734493140030.0
24.40,0.0,0.0,0.04,2.09,0.42,1.24,0.00,0.00,2.09,62.60,1734493135932.0
24.40,0.0,0.0,0.04,1.80,0.44,1.37,0.00,0.00,1.8,62.60,1734493130800.0
24.40,0.0,0.0,0.07,2.47,0.61,1.59,0.00,0.00,2.47,62.60,1734493125651.0
24.40,0.0,0.0,0.08,2.53,0.66,1.66,54.59,106.28,106.28,62.70,1734493119650.0
24.40,0.0,0.0,0.08,2.53,0.63,1.62,0.00,0.00,2.53,62.70,1734493115502.0
24.40,0.0,0.0,0.08,2.47,0.63,1.62,53.86,106.04,106.04,62.90,1734493109448.0
24.40,0.0,0.0,0.04,1.99,0.41,1.24,0.00,0.00,1.99,63.10,1734493105412.0
24.40,0.0,0.0,0.08,2.47,0.68,1.70,0.00,0.00,2.47,63.10,1734493100396.0
24.40,0.0,0.0,0.07,2.47,0.61,1.59,0.00,0.00,2.47,63.00,1734493095381.0
24.30,0.0,0.0,0.07,2.41,0.57,1.55,51.76,104.63,104.63,63.00,1734493089130.0
24.40,0.0,0.0,0.07,2.30,0.57,1.55,0.00,0.00,2.3,63.00,1734493085139.0
24.30,0.0,0.0,0.03,1.80,0.36,1.15,51.96,103.99,103.99,62.90,1734493079107.0
24.30,0.0,0.0,0.04,1.99,0.36,1.15,0.00,0.00,1.99,62.90,1734493075003.0
24.30,0.0,0.0,0.06,2.30,0.57,1.51,0.00,0.00,2.3,62.90,1734493069973.0
24.30,0.0,0.0,0.06,2.41,0.55,1.55,0.00,0.00,2.41,62.90,1734493064764.0
24.30,0.0,0.0,0.04,1.99,0.42,1.30,52.44,107.80,107.8,62.90,1734493058716.0
24.30,0.0,0.0,0.06,2.41,0.49,1.37,0.00,0.00,2.41,62.90,1734493054621.0
24.30,0.0,0.0,0.09,2.70,0.70,1.74,52.98,109.03,109.03,62.90,1734493048587.0
24.30,0.0,0.0,0.08,2.64,0.68,1.70,0.00,0.00,2.64,63.00,1734493044588.0
24.30,0.0,0.0,0.08,2.53,0.63,1.66,0.00,0.00,2.53,63.10,1734493039561.0
24.30,0.0,0.0,0.07,2.53,0.61,1.55,0.00,0.00,2.53,63.10,1734493034346.0
24.30,0.0,0.0,0.07,2.58,0.61,1.62,54.99,107.45,107.45,63.10,1734493028399.0
24.30,0.0,0.0,0.04,2.09,0.39,1.24,0.00,0.00,2.09,63.10,1734493024211.0
24.30,0.0,0.0,0.07,2.53,0.63,1.62,44.53,86.16,86.16,63.00,1734493018271.0
24.30,0.0,0.0,0.08,2.64,0.66,1.66,0.00,0.00,2.64,63.00,1734493014162.0
24.30,0.0,0.0,0.07,2.53,0.61,1.59,0.00,0.00,2.53,62.90,1734493009059.0
24.30,0.0,0.0,0.09,2.88,0.75,1.78,0.00,0.00,2.88,62.90,1734493003821.0
24.20,0.0,0.0,0.07,2.53,0.61,1.59,46.04,88.27,88.27,62.90,1734492997760.0
24.30,0.0,0.0,0.03,1.75,0.33,1.09,0.00,0.00,1.75,62.80,1734492994181.0
24.20,0.0,0.0,0.05,2.20,0.49,1.37,56.45,107.27,107.27,62.80,1734492990521.0
24.20,0.0,0.0,0.02,1.49,0.24,0.98,0.00,0.00,1.49,62.60,1734492983539.0
24.20,0.0,0.0,0.03,1.90,0.29,1.06,0.00,0.00,1.9,62.60,1734492978634.0
24.20,0.0,0.0,0.02,1.58,0.28,1.12,0.00,0.00,1.58,62.60,1734492973419.0
24.20,0.0,0.0,0.05,2.30,0.49,1.47,56.11,106.92,106.92,62.50,1734492967302.0
24.20,0.0,0.0,0.09,2.88,0.72,1.91,0.00,0.00,2.88,62.50,1734492963280.0
24.20,0.0,0.0,0.04,2.04,0.44,1.44,57.14,108.21,108.21,62.40,1734492957230.0
24.20,0.0,0.0,0.06,2.53,0.51,1.51,0.00,0.00,2.53,62.40,1734492953077.0
24.20,0.0,0.0,0.10,2.94,0.75,2.00,0.00,0.00,2.94,62.40,1734492947992.0
24.20,0.0,0.0,0.05,2.25,0.51,1.55,57.33,105.51,105.51,62.50,1734492936840.0
24.20,0.0,0.0,0.10,3.07,0.80,2.00,0.00,0.00,3.07,62.50,1734492932870.0
24.20,0.0,0.0,0.09,2.94,0.72,1.91,58.21,108.09,108.09,62.50,1734492926697.0
24.20,0.0,0.0,0.09,3.01,0.66,1.74,0.00,0.00,3.01,62.50,1734492922628.0
24.20,0.0,0.0,0.10,3.07,0.77,2.00,0.00,0.00,3.07,62.70,1734492917613.0
24.20,0.0,0.0,0.04,2.30,0.46,1.44,0.00,0.00,2.3,62.70,1734492912585.0
24.20,0.0,0.0,0.10,3.07,0.77,2.05,59.04,112.79,112.79,62.70,1734492906382.0
24.20,0.0,0.0,0.10,3.13,0.77,2.05,0.00,0.00,3.13,62.80,1734492902351.0
24.20,0.0,0.0,0.06,2.47,0.59,1.78,57.82,112.32,112.32,62.80,1734492896315.0
24.20,0.0,0.0,0.10,3.13,0.80,2.05,0.00,0.00,3.13,62.90,1734492892127.0
24.20,0.0,0.0,0.09,3.01,0.75,2.00,0.00,0.00,3.01,63.00,1734492887200.0
24.10,0.0,0.0,0.07,2.58,0.70,2.00,0.00,0.00,2.58,63.00,1734492881977.0
24.10,0.0,0.0,0.05,2.36,0.49,1.59,57.23,107.16,107.16,63.10,1734492875928.0
24.10,0.0,0.0,0.07,2.70,0.55,1.62,0.00,0.00,2.7,63.10,1734492871840.0
24.10,0.0,0.0,0.10,3.13,0.77,2.09,56.55,103.70,103.7,63.20,1734492865785.0
24.10,0.0,0.0,0.09,3.13,0.75,2.05,0.00,0.00,3.13,63.20,1734492861692.0
24.10,0.0,0.0,0.09,3.01,0.75,2.05,0.00,0.00,3.01,63.20,1734492856680.0
24.10,0.0,0.0,0.05,2.30,0.47,1.59,0.00,0.00,2.3,63.10,1734492851531.0
24.10,0.0,0.0,0.09,3.13,0.75,2.09,55.57,104.11,104.11,63.10,1734492845460.0
24.10,0.0,0.0,0.07,2.70,0.68,2.05,0.00,0.00,2.7,63.10,1734492841414.0
24.10,0.0,0.0,0.08,3.07,0.68,2.00,55.33,104.63,104.63,63.10,1734492835304.0
24.10,0.0,0.0,0.07,2.94,0.61,1.83,0.00,0.00,2.94,63.00,1734492831286.0
24.10,0.0,0.0,0.07,2.94,0.61,1.83,0.00,0.00,2.94,63.10,1734492826169.0
24.10,0.0,0.0,0.13,3.83,0.85,2.19,0.00,0.00,3.83,63.20,1734492821041.0
24.10,0.0,0.0,0.14,3.75,0.99,2.49,54.15,102.05,102.05,63.30,1734492814980.0
24.10,0.0,0.0,0.13,3.68,0.93,2.39,0.00,0.00,3.68,63.30,1734492811010.0
24.10,0.0,0.0,0.12,3.47,0.88,2.29,54.74,102.76,102.76,63.40,1734492804863.0
24.10,0.0,0.0,0.14,3.83,1.02,2.49,0.00,0.00,3.83,63.40,1734492800774.0
24.00,0.0,0.0,0.14,3.75,0.96,2.39,0.00,0.00,3.75,63.30,1734492795858.0
24.10,0.0,0.0,0.13,3.68,0.96,2.39,0.00,0.00,3.68,63.10,1734492790621.0
24.00,0.0,0.0,0.10,3.40,0.82,2.09,54.40,101.70,101.7,63.00,1734492784524.0
24.00,0.0,0.0,0.11,3.54,0.88,2.24,0.00,0.00,3.54,62.80,1734492780436.0
24.00,0.0,0.0,0.09,3.20,0.77,2.00,53.81,101.52,101.52,62.60,1734492774453.0
24.00,0.0,0.0,0.11,3.47,0.88,2.19,0.00,0.00,3.47,62.50,1734492770462.0
24.00,0.0,0.0,0.07,3.01,0.68,1.78,0.00,0.00,3.01,62.40,1734492765228.0
24.00,0.0,0.0,0.06,2.88,0.59,1.55,0.00,0.00,2.88,62.50,1734492760326.0
24.00,0.0,0.0,0.05,2.58,0.51,1.47,55.03,101.11,101.11,62.40,1734492754180.0
24.00,0.0,0.0,0.07,3.01,0.68,1.70,0.00,0.00,3.01,62.50,1734492750083.0
24.00,0.0,0.0,0.08,3.13,0.61,1.47,55.57,102.23,102.23,62.50,1734492744046.0
24.00,0.0,0.0,0.07,3.07,0.66,1.59,0.00,0.00,3.07,62.50,1734492739840.0
24.00,0.0,0.0,0.09,3.33,0.77,1.74,0.00,0.00,3.33,62.50,1734492734817.0
24.00,0.0,0.0,0.03,2.41,0.42,1.12,0.00,0.00,2.41,62.50,1734492729660.0
24.00,0.0,0.0,0.02,2.30,0.34,0.98,53.47,100.82,100.82,62.50,1734492723663.0
23.70,0.0,0.0,0.00,2.64,0.10,2.00,47.07,89.97,89.97,64.30,1734492522849.0
23.60,0.0,0.0,0.08,5.20,0.55,3.97,46.14,89.68,89.68,64.40,1734492517842.0
23.60,0.0,0.0,0.08,5.56,0.57,4.20,45.85,89.50,89.5,64.40,1734492512689.0
23.60,0.0,0.0,0.10,6.14,0.70,4.70,44.77,89.27,89.27,64.50,1734492507702.0
23.60,0.0,0.0,0.06,5.29,0.42,3.89,44.57,88.97,88.97,64.60,1734492502580.0
23.60,0.0,0.0,0.09,6.04,0.61,4.79,0.00,0.00,6.04,64.70,1734492498487.0
23.60,0.0,0.0,0.13,7.17,0.72,5.24,43.55,89.21,89.21,64.80,1734492492437.0
23.60,0.0,0.0,0.06,6.44,0.47,4.53,43.21,89.44,89.44,64.80,1734492487373.0
23.60,0.0,0.0,0.40,6.96,0.49,4.88,43.11,89.38,89.38,64.90,1734492482396.0
